-- --------------------------------------------------------
-- 호스트:                          j5d102.p.ssafy.io
-- 서버 버전:                        10.3.31-MariaDB-0ubuntu0.20.04.1 - Ubuntu 20.04
-- 서버 OS:                        debian-linux-gnu
-- HeidiSQL 버전:                  11.3.0.6295
-- --------------------------------------------------------

/*!40101 SET @OLD_CHARACTER_SET_CLIENT=@@CHARACTER_SET_CLIENT */;
/*!40101 SET NAMES utf8 */;
/*!50503 SET NAMES utf8mb4 */;
/*!40014 SET @OLD_FOREIGN_KEY_CHECKS=@@FOREIGN_KEY_CHECKS, FOREIGN_KEY_CHECKS=0 */;
/*!40101 SET @OLD_SQL_MODE=@@SQL_MODE, SQL_MODE='NO_AUTO_VALUE_ON_ZERO' */;
/*!40111 SET @OLD_SQL_NOTES=@@SQL_NOTES, SQL_NOTES=0 */;


-- blockChain 데이터베이스 구조 내보내기
CREATE DATABASE IF NOT EXISTS `blockChain` /*!40100 DEFAULT CHARACTER SET utf8mb4 */;
USE `blockChain`;

-- 테이블 blockChain.auction 구조 내보내기
CREATE TABLE IF NOT EXISTS `auction` (
  `auction_no` bigint(20) NOT NULL,
  `auction_deadline` datetime(6) DEFAULT NULL,
  `auction_detail` varchar(1000) DEFAULT NULL,
  `immeprice` bigint(20) DEFAULT NULL,
  `auction_name` varchar(255) DEFAULT NULL,
  `auction_start` datetime(6) DEFAULT NULL,
  `auction_state` varchar(5) DEFAULT NULL,
  `member_no` bigint(20) DEFAULT NULL,
  `token_no` bigint(20) DEFAULT NULL,
  PRIMARY KEY (`auction_no`),
  KEY `FKcn1depbvapg3xqurpjkvr54lr` (`member_no`),
  KEY `FKm9puylvw733xmpmx06b6hlu3r` (`token_no`),
  CONSTRAINT `FKcn1depbvapg3xqurpjkvr54lr` FOREIGN KEY (`member_no`) REFERENCES `member` (`member_no`),
  CONSTRAINT `FKm9puylvw733xmpmx06b6hlu3r` FOREIGN KEY (`token_no`) REFERENCES `token` (`token_no`)
) ENGINE=InnoDB DEFAULT CHARSET=utf8mb4;

-- 테이블 데이터 blockChain.auction:~9 rows (대략적) 내보내기
DELETE FROM `auction`;
/*!40000 ALTER TABLE `auction` DISABLE KEYS */;
INSERT INTO `auction` (`auction_no`, `auction_deadline`, `auction_detail`, `immeprice`, `auction_name`, `auction_start`, `auction_state`, `member_no`, `token_no`) VALUES
	(1610, '2021-10-08 20:15:20.495460', '아이유 로얄C ', 50, '아이유 떳습니다 ㅋㅋㅋㅋ', '2021-10-05 20:15:20.495447', 'SELL', 1599, 1035),
	(1617, '2021-10-08 20:33:08.306421', '이번엔 현아가떳넼ㅋㅋㅋ', 100, '로얄B 현아 ㅍㅍㅍㅍㅍㅍㅍ', '2021-10-05 20:33:08.306411', 'SELL', 1599, 1036),
	(1624, '2021-10-09 10:47:37.783636', '카드이쁩니당', 3, '2019서현 A 카드', '2021-10-06 10:47:37.783625', 'SOLD', 1619, 456),
	(1631, '2021-10-09 11:42:25.759646', '2021 티파니 카드입니다.', 1, '2021 티파니 카드입니다.', '2021-10-06 11:42:25.759635', 'SOLD', 1619, 402),
	(1633, '2021-10-09 13:19:25.294270', '태연이잖아요 사세요', 2, '태연 팔아요', '2021-10-06 13:19:25.294258', 'SOLD', 1628, 162),
	(1639, '2021-10-10 10:33:45.524734', '사가주세요!!', 5, '2021GD카드 팝니다!! B등급', '2021-10-07 10:33:45.524721', 'SELL', 1599, 900),
	(1640, '2021-10-10 10:34:07.740247', '2019 SS카드 팝니다!!', 20, '현아카드SS~~', '2021-10-07 10:34:07.740237', 'SELL', 1599, 626),
	(1647, '2021-10-10 11:49:08.591464', '팔아요~~', 99999999, 'test중입니다~ㅅ', '2021-10-07 11:49:08.591454', 'SELL', 1598, 246),
	(1657, '2021-10-10 16:45:20.883533', 'C등급중왕입니다!!', 8, '2018 현아 카드', '2021-10-07 16:45:20.883521', 'SELL', 1599, 789);
/*!40000 ALTER TABLE `auction` ENABLE KEYS */;

-- 테이블 blockChain.auction_like 구조 내보내기
CREATE TABLE IF NOT EXISTS `auction_like` (
  `auction_no` bigint(20) NOT NULL,
  `member_no` bigint(20) NOT NULL,
  PRIMARY KEY (`auction_no`,`member_no`),
  KEY `FKimbj8t1u4b0p6xfp596t43tk1` (`member_no`),
  CONSTRAINT `FKeqffqxbi1lsglr2arcdrsjft1` FOREIGN KEY (`auction_no`) REFERENCES `auction` (`auction_no`),
  CONSTRAINT `FKimbj8t1u4b0p6xfp596t43tk1` FOREIGN KEY (`member_no`) REFERENCES `member` (`member_no`)
) ENGINE=InnoDB DEFAULT CHARSET=utf8mb4;

-- 테이블 데이터 blockChain.auction_like:~3 rows (대략적) 내보내기
DELETE FROM `auction_like`;
/*!40000 ALTER TABLE `auction_like` DISABLE KEYS */;
INSERT INTO `auction_like` (`auction_no`, `member_no`) VALUES
	(1610, 1628),
	(1617, 1599),
	(1617, 1628);
/*!40000 ALTER TABLE `auction_like` ENABLE KEYS */;

-- 테이블 blockChain.auction_order 구조 내보내기
CREATE TABLE IF NOT EXISTS `auction_order` (
  `auction_order_no` bigint(20) NOT NULL,
  `auction_order_date` datetime(6) DEFAULT NULL,
  `auction_no` bigint(20) DEFAULT NULL,
  `member_no` bigint(20) DEFAULT NULL,
  PRIMARY KEY (`auction_order_no`),
  KEY `FKgbx4pitoqoggu55px3w4h1yp2` (`auction_no`),
  KEY `FKorkmxexopn9ewogkbf0m0807` (`member_no`),
  CONSTRAINT `FKgbx4pitoqoggu55px3w4h1yp2` FOREIGN KEY (`auction_no`) REFERENCES `auction` (`auction_no`),
  CONSTRAINT `FKorkmxexopn9ewogkbf0m0807` FOREIGN KEY (`member_no`) REFERENCES `member` (`member_no`)
) ENGINE=InnoDB DEFAULT CHARSET=utf8mb4;

-- 테이블 데이터 blockChain.auction_order:~3 rows (대략적) 내보내기
DELETE FROM `auction_order`;
/*!40000 ALTER TABLE `auction_order` DISABLE KEYS */;
INSERT INTO `auction_order` (`auction_order_no`, `auction_order_date`, `auction_no`, `member_no`) VALUES
	(1627, '2021-10-06 10:51:13.230322', 1624, 1625),
	(1632, '2021-10-06 11:44:10.883018', 1631, 1628),
	(1651, '2021-10-07 12:00:40.713746', 1633, 1598);
/*!40000 ALTER TABLE `auction_order` ENABLE KEYS */;

-- 테이블 blockChain.bid 구조 내보내기
CREATE TABLE IF NOT EXISTS `bid` (
  `bid_no` bigint(20) NOT NULL,
  `bid_date` datetime(6) DEFAULT NULL,
  `bid_price` bigint(20) DEFAULT NULL,
  `auction_no` bigint(20) DEFAULT NULL,
  `member_no` bigint(20) DEFAULT NULL,
  PRIMARY KEY (`bid_no`),
  KEY `FKr4km7vlttn35c19xjpfei3ig4` (`auction_no`),
  KEY `FKajni50ltaakes96d6uaju31d` (`member_no`),
  CONSTRAINT `FKajni50ltaakes96d6uaju31d` FOREIGN KEY (`member_no`) REFERENCES `member` (`member_no`),
  CONSTRAINT `FKr4km7vlttn35c19xjpfei3ig4` FOREIGN KEY (`auction_no`) REFERENCES `auction` (`auction_no`)
) ENGINE=InnoDB DEFAULT CHARSET=utf8mb4;

-- 테이블 데이터 blockChain.bid:~0 rows (대략적) 내보내기
DELETE FROM `bid`;
/*!40000 ALTER TABLE `bid` DISABLE KEYS */;
/*!40000 ALTER TABLE `bid` ENABLE KEYS */;

-- 테이블 blockChain.celeb 구조 내보내기
CREATE TABLE IF NOT EXISTS `celeb` (
  `celeb_no` bigint(20) NOT NULL,
  `celeb_debut` datetime(6) DEFAULT NULL,
  `celeb_mw` varchar(3) DEFAULT NULL,
  `celeb_nm` varchar(45) DEFAULT NULL,
  `celeb_retire` datetime(6) DEFAULT NULL,
  `group_no` bigint(20) DEFAULT NULL,
  PRIMARY KEY (`celeb_no`),
  KEY `FK6l05git99qmfdyneu9rvs3a4v` (`group_no`),
  CONSTRAINT `FK6l05git99qmfdyneu9rvs3a4v` FOREIGN KEY (`group_no`) REFERENCES `celeb_group` (`group_no`)
) ENGINE=InnoDB DEFAULT CHARSET=utf8mb4;

-- 테이블 데이터 blockChain.celeb:~7 rows (대략적) 내보내기
DELETE FROM `celeb`;
/*!40000 ALTER TABLE `celeb` DISABLE KEYS */;
INSERT INTO `celeb` (`celeb_no`, `celeb_debut`, `celeb_mw`, `celeb_nm`, `celeb_retire`, `group_no`) VALUES
	(0, '2017-02-01 09:00:00.000000', 'W', '태연', '2019-02-01 09:00:00.000000', 4),
	(1, '2017-02-01 09:00:00.000000', 'W', '티파니', '2020-02-01 09:00:00.000000', 4),
	(2, '2018-02-01 09:00:00.000000', 'W', '서현', NULL, 4),
	(3, '2016-02-01 09:00:00.000000', 'W', '현아', NULL, 3),
	(4, '2017-02-01 09:00:00.000000', 'M', 'GD', NULL, 2),
	(5, '2020-02-01 09:00:00.000000', 'W', '아이유', NULL, 1),
	(6, '1990-02-01 09:00:00.000000', 'M', '차은우', '2010-02-01 09:00:00.000000', 5);
/*!40000 ALTER TABLE `celeb` ENABLE KEYS */;

-- 테이블 blockChain.celeb_group 구조 내보내기
CREATE TABLE IF NOT EXISTS `celeb_group` (
  `group_no` bigint(20) NOT NULL,
  `group_nm` varchar(255) DEFAULT NULL,
  `group_nofp` bigint(20) DEFAULT NULL,
  PRIMARY KEY (`group_no`)
) ENGINE=InnoDB DEFAULT CHARSET=utf8mb4;

-- 테이블 데이터 blockChain.celeb_group:~5 rows (대략적) 내보내기
DELETE FROM `celeb_group`;
/*!40000 ALTER TABLE `celeb_group` DISABLE KEYS */;
INSERT INTO `celeb_group` (`group_no`, `group_nm`, `group_nofp`) VALUES
	(1, '아이유', 1),
	(2, 'GD', 1),
	(3, '현아', 1),
	(4, '태티서', 3),
	(5, '차은우', 0);
/*!40000 ALTER TABLE `celeb_group` ENABLE KEYS */;

-- 테이블 blockChain.celeb_like 구조 내보내기
CREATE TABLE IF NOT EXISTS `celeb_like` (
  `celeb_no` bigint(20) NOT NULL,
  `member_no` bigint(20) NOT NULL,
  PRIMARY KEY (`celeb_no`,`member_no`),
  KEY `FK791drh04c0qn35ea1mgjj0k67` (`member_no`),
  CONSTRAINT `FK791drh04c0qn35ea1mgjj0k67` FOREIGN KEY (`member_no`) REFERENCES `member` (`member_no`),
  CONSTRAINT `FKs0yj5lyeo1ue9mr14dto8vj3a` FOREIGN KEY (`celeb_no`) REFERENCES `celeb` (`celeb_no`)
) ENGINE=InnoDB DEFAULT CHARSET=utf8mb4;

-- 테이블 데이터 blockChain.celeb_like:~30 rows (대략적) 내보내기
DELETE FROM `celeb_like`;
/*!40000 ALTER TABLE `celeb_like` DISABLE KEYS */;
INSERT INTO `celeb_like` (`celeb_no`, `member_no`) VALUES
	(0, 1619),
	(0, 1637),
	(1, 15),
	(2, 8),
	(2, 10),
	(2, 13),
	(2, 14),
	(2, 1625),
	(3, 16),
	(3, 21),
	(4, 9),
	(4, 12),
	(4, 1598),
	(4, 1623),
	(5, 5),
	(5, 18),
	(5, 19),
	(5, 20),
	(5, 22),
	(5, 1599),
	(5, 1628),
	(5, 1634),
	(5, 1636),
	(5, 1643),
	(5, 1644),
	(6, 6),
	(6, 7),
	(6, 11),
	(6, 17),
	(6, 23);
/*!40000 ALTER TABLE `celeb_like` ENABLE KEYS */;

-- 테이블 blockChain.celeb_record 구조 내보내기
CREATE TABLE IF NOT EXISTS `celeb_record` (
  `record_no` bigint(20) NOT NULL,
  `record_date` datetime(6) DEFAULT NULL,
  `record_nm` varchar(255) DEFAULT NULL,
  `celeb_no` bigint(20) DEFAULT NULL,
  PRIMARY KEY (`record_no`),
  KEY `FKovd0dj8st7dw1ca3xq5rt8sse` (`celeb_no`),
  CONSTRAINT `FKovd0dj8st7dw1ca3xq5rt8sse` FOREIGN KEY (`celeb_no`) REFERENCES `celeb` (`celeb_no`)
) ENGINE=InnoDB DEFAULT CHARSET=utf8mb4;

-- 테이블 데이터 blockChain.celeb_record:~0 rows (대략적) 내보내기
DELETE FROM `celeb_record`;
/*!40000 ALTER TABLE `celeb_record` DISABLE KEYS */;
/*!40000 ALTER TABLE `celeb_record` ENABLE KEYS */;

-- 테이블 blockChain.eth_info 구조 내보내기
CREATE TABLE IF NOT EXISTS `eth_info` (
  `ethnet_url` varchar(500) NOT NULL,
  `latest_bno` varchar(500) DEFAULT NULL,
  PRIMARY KEY (`ethnet_url`)
) ENGINE=InnoDB DEFAULT CHARSET=utf8mb4;

-- 테이블 데이터 blockChain.eth_info:~0 rows (대략적) 내보내기
DELETE FROM `eth_info`;
/*!40000 ALTER TABLE `eth_info` DISABLE KEYS */;
/*!40000 ALTER TABLE `eth_info` ENABLE KEYS */;

-- 테이블 blockChain.gallery_article 구조 내보내기
CREATE TABLE IF NOT EXISTS `gallery_article` (
  `gallery_no` bigint(20) NOT NULL,
  `gallery_content` varchar(255) DEFAULT NULL,
  `gallery_host_member` bigint(20) DEFAULT NULL,
  PRIMARY KEY (`gallery_no`),
  KEY `FK3mqsc1ichgmtfp25l1d5gv07a` (`gallery_host_member`),
  CONSTRAINT `FK3mqsc1ichgmtfp25l1d5gv07a` FOREIGN KEY (`gallery_host_member`) REFERENCES `member` (`member_no`)
) ENGINE=InnoDB DEFAULT CHARSET=utf8mb4;

-- 테이블 데이터 blockChain.gallery_article:~6 rows (대략적) 내보내기
DELETE FROM `gallery_article`;
/*!40000 ALTER TABLE `gallery_article` DISABLE KEYS */;
INSERT INTO `gallery_article` (`gallery_no`, `gallery_content`, `gallery_host_member`) VALUES
	(1611, '아이유떳다 ㅋㅋㅋㅋㅋㅋ', 1599),
	(1622, '처음 뽑아봄', 1619),
	(1652, '차은우 보러 오세요', 1628),
	(1654, '제 갤러리에 놀러오세요~!', 1599),
	(1655, '제 갤러리입니다.', 1628),
	(1658, '제 갤러리에 한번 놀러오세요!!', 1599);
/*!40000 ALTER TABLE `gallery_article` ENABLE KEYS */;

-- 테이블 blockChain.hibernate_sequence 구조 내보내기
CREATE TABLE IF NOT EXISTS `hibernate_sequence` (
  `next_not_cached_value` bigint(21) NOT NULL,
  `minimum_value` bigint(21) NOT NULL,
  `maximum_value` bigint(21) NOT NULL,
  `start_value` bigint(21) NOT NULL COMMENT 'start value when sequences is created or value if RESTART is used',
  `increment` bigint(21) NOT NULL COMMENT 'increment value',
  `cache_size` bigint(21) unsigned NOT NULL,
  `cycle_option` tinyint(1) unsigned NOT NULL COMMENT '0 if no cycles are allowed, 1 if the sequence should begin a new cycle when maximum_value is passed',
  `cycle_count` bigint(21) NOT NULL COMMENT 'How many cycles have been done'
) ENGINE=InnoDB SEQUENCE=1;

-- 테이블 데이터 blockChain.hibernate_sequence:~1 rows (대략적) 내보내기
DELETE FROM `hibernate_sequence`;
/*!40000 ALTER TABLE `hibernate_sequence` DISABLE KEYS */;
INSERT INTO `hibernate_sequence` (`next_not_cached_value`, `minimum_value`, `maximum_value`, `start_value`, `increment`, `cache_size`, `cycle_option`, `cycle_count`) VALUES
	(2001, 1, 9223372036854775806, 1, 1, 1000, 0, 0);
/*!40000 ALTER TABLE `hibernate_sequence` ENABLE KEYS */;

-- 테이블 blockChain.member 구조 내보내기
CREATE TABLE IF NOT EXISTS `member` (
  `member_no` bigint(20) NOT NULL,
  `member_email` varchar(45) DEFAULT NULL,
  `member_id` varchar(45) DEFAULT NULL,
  `member_nick` varchar(45) DEFAULT NULL,
  `member_phone` varchar(11) DEFAULT NULL,
  `member_pw` varchar(100) DEFAULT NULL,
  `member_grade` bigint(20) DEFAULT NULL,
  PRIMARY KEY (`member_no`),
  KEY `FKgvt8vpkistnrnje7emc84shja` (`member_grade`),
  CONSTRAINT `FKgvt8vpkistnrnje7emc84shja` FOREIGN KEY (`member_grade`) REFERENCES `member_grade` (`member_grade_no`)
) ENGINE=InnoDB DEFAULT CHARSET=utf8mb4;

-- 테이블 데이터 blockChain.member:~31 rows (대략적) 내보내기
DELETE FROM `member`;
/*!40000 ALTER TABLE `member` DISABLE KEYS */;
INSERT INTO `member` (`member_no`, `member_email`, `member_id`, `member_nick`, `member_phone`, `member_pw`, `member_grade`) VALUES
	(5, 'test@test.com0', 'test0', '오늘은아이유', '01011112222', '$2a$10$LhCvSIPidAAoDJX0x3QH1.iHPaAnVbBwJ1IvB9IMeQ3PhJgmppFNe', 1),
	(6, 'test@test.com1', 'test1', '티모왕', '01011112222', '$2a$10$LhCvSIPidAAoDJX0x3QH1.iHPaAnVbBwJ1IvB9IMeQ3PhJgmppFNe', 2),
	(7, 'test@test.com2', 'test2', '차은우뽑을래요', '01011112222', '$2a$10$LhCvSIPidAAoDJX0x3QH1.iHPaAnVbBwJ1IvB9IMeQ3PhJgmppFNe', 4),
	(8, 'test@test.com3', 'test3', '태연티파니서현', '01011112222', '$2a$10$LhCvSIPidAAoDJX0x3QH1.iHPaAnVbBwJ1IvB9IMeQ3PhJgmppFNe', 3),
	(9, 'test@test.com4', 'test4', '자소서쓰자', '01011112222', '$2a$10$LhCvSIPidAAoDJX0x3QH1.iHPaAnVbBwJ1IvB9IMeQ3PhJgmppFNe', 1),
	(10, 'test@test.com5', 'test5', '엉덩이찰싹', '01011112222', '$2a$10$LhCvSIPidAAoDJX0x3QH1.iHPaAnVbBwJ1IvB9IMeQ3PhJgmppFNe', 3),
	(11, 'test@test.com6', 'test6', 'teemo12', '01011112222', '$2a$10$LhCvSIPidAAoDJX0x3QH1.iHPaAnVbBwJ1IvB9IMeQ3PhJgmppFNe', 3),
	(12, 'test@test.com7', 'test7', 'S2지존S2', '01011112222', '$2a$10$LhCvSIPidAAoDJX0x3QH1.iHPaAnVbBwJ1IvB9IMeQ3PhJgmppFNe', 3),
	(13, 'test@test.com8', 'test8', '대충지은닉', '01011112222', '$2a$10$LhCvSIPidAAoDJX0x3QH1.iHPaAnVbBwJ1IvB9IMeQ3PhJgmppFNe', 3),
	(14, 'test@test.com9', 'test9', '아잉츄', '01011112222', '$2a$10$LhCvSIPidAAoDJX0x3QH1.iHPaAnVbBwJ1IvB9IMeQ3PhJgmppFNe', 4),
	(15, 'test@test.com10', 'test10', '에이핑크도달라', '01011112222', '$2a$10$LhCvSIPidAAoDJX0x3QH1.iHPaAnVbBwJ1IvB9IMeQ3PhJgmppFNe', 3),
	(16, 'test@test.com11', 'test11', '응애', '01011112222', '$2a$10$LhCvSIPidAAoDJX0x3QH1.iHPaAnVbBwJ1IvB9IMeQ3PhJgmppFNe', 1),
	(17, 'test@test.com12', 'test12', '아기상어뚜루룻', '01011112222', '$2a$10$LhCvSIPidAAoDJX0x3QH1.iHPaAnVbBwJ1IvB9IMeQ3PhJgmppFNe', 1),
	(18, 'test@test.com13', 'test13', '이영호', '01011112222', '$2a$10$LhCvSIPidAAoDJX0x3QH1.iHPaAnVbBwJ1IvB9IMeQ3PhJgmppFNe', 1),
	(19, 'test@test.com14', 'test14', '홍진호2등', '01011112222', '$2a$10$LhCvSIPidAAoDJX0x3QH1.iHPaAnVbBwJ1IvB9IMeQ3PhJgmppFNe', 3),
	(20, 'test@test.com15', 'test15', '싸피좋아오', '01011112222', '$2a$10$LhCvSIPidAAoDJX0x3QH1.iHPaAnVbBwJ1IvB9IMeQ3PhJgmppFNe', 4),
	(21, 'test@test.com16', 'test16', '나만고양이없어', '01011112222', '$2a$10$LhCvSIPidAAoDJX0x3QH1.iHPaAnVbBwJ1IvB9IMeQ3PhJgmppFNe', 1),
	(22, 'test@test.com17', 'test17', '왈왈으르르멍멍', '01011112222', '$2a$10$LhCvSIPidAAoDJX0x3QH1.iHPaAnVbBwJ1IvB9IMeQ3PhJgmppFNe', 4),
	(23, 'test@test.com18', 'test18', '알리123', '01011112222', '$2a$10$LhCvSIPidAAoDJX0x3QH1.iHPaAnVbBwJ1IvB9IMeQ3PhJgmppFNe', 4),
	(24, 'test@test.com19', 'test19', 'mama22', '01011112222', '$2a$10$LhCvSIPidAAoDJX0x3QH1.iHPaAnVbBwJ1IvB9IMeQ3PhJgmppFNe', 2),
	(1598, 'zxcv@zxcv.com', 'test123', '조영우짱짱맨', NULL, '$2a$10$zX3iaZS9sVoPsPmZY7NIB.1v3Hunm6Pg7541T/P.mc0QVQLxA.kYO', 1),
	(1599, 'ssafy@ssafy.com', 'sonam777', 'BJ근형', NULL, '$2a$10$Edwpf5NFJFbLg5dRu9LND.0r7T/HAwg9/33s98Z5rIZVZKEvqGmvK', 1),
	(1619, 'tets@gmail.com', 'testman', 'testm', NULL, '$2a$10$LLXlvpdJaWoj/xCigx3USu.LMp6Fag/4vGZu0GTj8HahJWKeRquxG', 1),
	(1623, 'ssafy@sd.com', 'ssafy2', 'qwe', NULL, '$2a$10$ahsYMcr8DwSe4NFlf2PtKO8nSXRpM/KCYNmgpMCW6ZUDAfCypySqy', 1),
	(1625, 'efef@faef.com', 'testgirl', 'testg', NULL, '$2a$10$FBnCN2.m7DjsEF0487UTluHZEkdsCg.Cn5rormLaCSN8uSTsKxR5q', 1),
	(1628, 'ssafy@sa.com', 'ssafy', '뻥이야', NULL, '$2a$10$qk7j5b6CVh7h77vlIoAhW.P.CYOzdQJRp1pScXex9b/cA8Qt2hsaq', 1),
	(1634, 'ssafy@dsdf.com', 'ssafy9', 'ssafy9', NULL, '$2a$10$4CFK9w9Eq2S4vZnqet1PyeVZFuQx9.5i39dgsdQ0f4kh7tYd2QyI6', 1),
	(1636, 'ssafy8@ssafy.com', 'ssafy8', 'ssafy8', NULL, '$2a$10$25BbdRNIzGtsj6XGHZg04uThSyuTKoS3PHp2nQXLi.dFBcHHRHttC', 1),
	(1637, 'testw@testw.com', 'testwallet', 'testw', NULL, '$2a$10$6UMLXD80idubegwhSVUGhOD.V4ihAPnyPh5kr9UAWWGo3oYx2FaZu', 1),
	(1643, 'teemo@gmai.comr', 'teemo', 'teemo', NULL, '$2a$10$mVKEiCkAp.YOgSEWqsOekuruL1qG42Ui4XDU18I0RIqkmt5.eBq2.', 1),
	(1644, 'ssafy@dsgf.com', 'sdf22', '닉네임여덟글자임', NULL, '$2a$10$SXe/9LBJMTfswB4a6IYAMeJjOq3ttPLPU7cFmcxxcZh3xoBrT711i', 1);
/*!40000 ALTER TABLE `member` ENABLE KEYS */;

-- 테이블 blockChain.member_gall_like 구조 내보내기
CREATE TABLE IF NOT EXISTS `member_gall_like` (
  `from_member` bigint(20) NOT NULL,
  `to_member` bigint(20) NOT NULL,
  PRIMARY KEY (`from_member`,`to_member`),
  KEY `FKcvpt0r8bsx83gpojcousup2ih` (`to_member`),
  CONSTRAINT `FKcvpt0r8bsx83gpojcousup2ih` FOREIGN KEY (`to_member`) REFERENCES `member` (`member_no`),
  CONSTRAINT `FKg72d9425uexwb99rxyvilb9mi` FOREIGN KEY (`from_member`) REFERENCES `member` (`member_no`)
) ENGINE=InnoDB DEFAULT CHARSET=utf8mb4;

-- 테이블 데이터 blockChain.member_gall_like:~2 rows (대략적) 내보내기
DELETE FROM `member_gall_like`;
/*!40000 ALTER TABLE `member_gall_like` DISABLE KEYS */;
INSERT INTO `member_gall_like` (`from_member`, `to_member`) VALUES
	(1599, 1599),
	(1599, 1619);
/*!40000 ALTER TABLE `member_gall_like` ENABLE KEYS */;

-- 테이블 blockChain.member_grade 구조 내보내기
CREATE TABLE IF NOT EXISTS `member_grade` (
  `member_grade_no` bigint(20) NOT NULL,
  `member_grade_nm` varchar(45) DEFAULT NULL,
  PRIMARY KEY (`member_grade_no`)
) ENGINE=InnoDB DEFAULT CHARSET=utf8mb4;

-- 테이블 데이터 blockChain.member_grade:~4 rows (대략적) 내보내기
DELETE FROM `member_grade`;
/*!40000 ALTER TABLE `member_grade` DISABLE KEYS */;
INSERT INTO `member_grade` (`member_grade_no`, `member_grade_nm`) VALUES
	(1, '팬'),
	(2, '열혈팬'),
	(3, '찐팬'),
	(4, '후원자');
/*!40000 ALTER TABLE `member_grade` ENABLE KEYS */;

-- 테이블 blockChain.product 구조 내보내기
CREATE TABLE IF NOT EXISTS `product` (
  `product_no` bigint(20) NOT NULL,
  `product_detail` varchar(3000) DEFAULT NULL,
  `product_nm` varchar(255) DEFAULT NULL,
  `product_quanty` bigint(20) DEFAULT NULL,
  `celeb_no` bigint(20) DEFAULT NULL,
  `product_grade_no` bigint(20) DEFAULT NULL,
  PRIMARY KEY (`product_no`),
  KEY `FKgra0ia6jsss2c54w730b7kxno` (`celeb_no`),
  KEY `FK95x95f6tdqcsfieg6bb87i9js` (`product_grade_no`),
  CONSTRAINT `FK95x95f6tdqcsfieg6bb87i9js` FOREIGN KEY (`product_grade_no`) REFERENCES `product_grade` (`product_grade_no`),
  CONSTRAINT `FKgra0ia6jsss2c54w730b7kxno` FOREIGN KEY (`celeb_no`) REFERENCES `celeb` (`celeb_no`)
) ENGINE=InnoDB DEFAULT CHARSET=utf8mb4;

-- 테이블 데이터 blockChain.product:~29 rows (대략적) 내보내기
DELETE FROM `product`;
/*!40000 ALTER TABLE `product` DISABLE KEYS */;
INSERT INTO `product` (`product_no`, `product_detail`, `product_nm`, `product_quanty`, `celeb_no`, `product_grade_no`) VALUES
	(1234, '', '2018태연', 6, 0, 1229),
	(1235, '', '2018태연', 14, 0, 1230),
	(1236, '', '2017태연', 50, 0, 1231),
	(1237, '', '2019태연', 60, 0, 1232),
	(1238, '', '2019태연', 70, 0, 1233),
	(1239, '', '2017티파니', 6, 1, 1229),
	(1240, '', '2018티파니', 14, 1, 1230),
	(1241, '', '2019티파니', 50, 1, 1231),
	(1242, '', '2020티파니', 60, 1, 1232),
	(1243, '', '2021티파니', 70, 1, 1233),
	(1244, '', '2021서현', 6, 2, 1229),
	(1245, '', '2020서현', 14, 2, 1230),
	(1246, '', '2019서현', 50, 2, 1231),
	(1247, '', '2018서현', 60, 2, 1232),
	(1248, '', '2021서현', 70, 2, 1233),
	(1249, '', '2019현아', 6, 3, 1229),
	(1250, '', '2021현아', 14, 3, 1230),
	(1251, '', '2020현아', 50, 3, 1231),
	(1252, '', '2017현아', 60, 3, 1232),
	(1253, '', '2018현아', 70, 3, 1233),
	(1254, '', '2018GD', 6, 4, 1229),
	(1255, '', '2017GD', 14, 4, 1230),
	(1256, '', '2019GD', 50, 4, 1231),
	(1257, '', '2021GD', 60, 4, 1232),
	(1258, '', '2020GD', 70, 4, 1233),
	(1259, '', 'JUST차은우', 1, 6, 1225),
	(1260, '', '2021아이유', 3, 5, 1226),
	(1261, '', '2020아이유', 7, 5, 1228),
	(1262, '', '2016현아', 5, 3, 1227);
/*!40000 ALTER TABLE `product` ENABLE KEYS */;

-- 테이블 blockChain.product_grade 구조 내보내기
CREATE TABLE IF NOT EXISTS `product_grade` (
  `product_grade_no` bigint(20) NOT NULL,
  `product_grade_nm` varchar(45) DEFAULT NULL,
  `product_percent` bigint(20) DEFAULT NULL,
  `product_sheets` bigint(20) DEFAULT NULL,
  PRIMARY KEY (`product_grade_no`)
) ENGINE=InnoDB DEFAULT CHARSET=utf8mb4;

-- 테이블 데이터 blockChain.product_grade:~9 rows (대략적) 내보내기
DELETE FROM `product_grade`;
/*!40000 ALTER TABLE `product_grade` DISABLE KEYS */;
INSERT INTO `product_grade` (`product_grade_no`, `product_grade_nm`, `product_percent`, `product_sheets`) VALUES
	(1225, 'ONLY', NULL, 1),
	(1226, 'ROYAL-A', NULL, 3),
	(1227, 'ROYAL-B', NULL, 7),
	(1228, 'ROYAL-C', NULL, 5),
	(1229, 'SS', 3, 30),
	(1230, 'S', 7, 70),
	(1231, 'A', 25, 250),
	(1232, 'B', 30, 300),
	(1233, 'C', 35, 350);
/*!40000 ALTER TABLE `product_grade` ENABLE KEYS */;

-- 테이블 blockChain.product_grade_percent 구조 내보내기
CREATE TABLE IF NOT EXISTS `product_grade_percent` (
  `product_grade_percent_no` bigint(20) NOT NULL,
  `product_grade_no` bigint(20) DEFAULT NULL,
  PRIMARY KEY (`product_grade_percent_no`),
  KEY `FK4ytno8ljbcu5k7xoj5fwvhn5p` (`product_grade_no`),
  CONSTRAINT `FK4ytno8ljbcu5k7xoj5fwvhn5p` FOREIGN KEY (`product_grade_no`) REFERENCES `product_grade` (`product_grade_no`)
) ENGINE=InnoDB DEFAULT CHARSET=utf8mb4;

-- 테이블 데이터 blockChain.product_grade_percent:~0 rows (대략적) 내보내기
DELETE FROM `product_grade_percent`;
/*!40000 ALTER TABLE `product_grade_percent` DISABLE KEYS */;
/*!40000 ALTER TABLE `product_grade_percent` ENABLE KEYS */;

-- 테이블 blockChain.product_media 구조 내보내기
CREATE TABLE IF NOT EXISTS `product_media` (
  `product_media_no` bigint(20) NOT NULL,
  `product_media_adres` varchar(450) DEFAULT NULL,
  `product_no` bigint(20) DEFAULT NULL,
  PRIMARY KEY (`product_media_no`),
  KEY `FKb88eyhty3j52c6qcsm01ymjkc` (`product_no`),
  CONSTRAINT `FKb88eyhty3j52c6qcsm01ymjkc` FOREIGN KEY (`product_no`) REFERENCES `product` (`product_no`)
) ENGINE=InnoDB DEFAULT CHARSET=utf8mb4;

-- 테이블 데이터 blockChain.product_media:~29 rows (대략적) 내보내기
DELETE FROM `product_media`;
/*!40000 ALTER TABLE `product_media` DISABLE KEYS */;
INSERT INTO `product_media` (`product_media_no`, `product_media_adres`, `product_no`) VALUES
	(1263, '/image/2018태연28.jpg', 1234),
	(1264, '/image/2018태연27.jpg', 1235),
	(1265, '/image/2017태연26.jpg', 1236),
	(1266, '/image/2019태연25.jpg', 1237),
	(1267, '/image/2019태연24.jpg', 1238),
	(1268, '/image/2017티파니23.jpg', 1239),
	(1269, '/image/2018티파니22.jpg', 1240),
	(1270, '/image/2019티파니21.jpg', 1241),
	(1271, '/image/2020티파니20.jpg', 1242),
	(1272, '/image/2021티파니19.jpg', 1243),
	(1273, '/image/2021서현18.jpg', 1244),
	(1274, '/image/2020서현17.jpg', 1245),
	(1275, '/image/2019서현16.jpg', 1246),
	(1276, '/image/2018서현15.jpg', 1247),
	(1277, '/image/2021서현14.jpg', 1248),
	(1278, '/image/2019현아13.jpg', 1249),
	(1279, '/image/2021현아12.jpg', 1250),
	(1280, '/image/2020현아11.jpg', 1251),
	(1281, '/image/2017현아10.jpg', 1252),
	(1282, '/image/2018현아9.jpg', 1253),
	(1283, '/image/2018GD8.jpg', 1254),
	(1284, '/image/2017GD7.jpg', 1255),
	(1285, '/image/2019GD6.jpg', 1256),
	(1286, '/image/2021GD5.jpg', 1257),
	(1287, '/image/2020GD4.jpg', 1258),
	(1288, '/image/JUST차은우3.jpg', 1259),
	(1289, '/image/2021아이유2.jpg', 1260),
	(1290, '/image/2020아이유1.jpg', 1261),
	(1291, '/image/2016현아0.jpg', 1262);
/*!40000 ALTER TABLE `product_media` ENABLE KEYS */;

-- 테이블 blockChain.product_token 구조 내보내기
CREATE TABLE IF NOT EXISTS `product_token` (
  `product_no` bigint(20) NOT NULL,
  `token_no` bigint(20) NOT NULL,
  PRIMARY KEY (`product_no`,`token_no`),
  KEY `FKd6raiw8tcc14bbtj6ls2ec60s` (`token_no`),
  CONSTRAINT `FKd6raiw8tcc14bbtj6ls2ec60s` FOREIGN KEY (`token_no`) REFERENCES `token` (`token_no`),
  CONSTRAINT `FKhvb88oje8mkc7g26lcsm7gmuy` FOREIGN KEY (`product_no`) REFERENCES `product` (`product_no`)
) ENGINE=InnoDB DEFAULT CHARSET=utf8mb4;

-- 테이블 데이터 blockChain.product_token:~1,016 rows (대략적) 내보내기
DELETE FROM `product_token`;
/*!40000 ALTER TABLE `product_token` DISABLE KEYS */;
INSERT INTO `product_token` (`product_no`, `token_no`) VALUES
	(1234, 25),
	(1234, 26),
	(1234, 27),
	(1234, 28),
	(1234, 29),
	(1234, 30),
	(1235, 31),
	(1235, 32),
	(1235, 33),
	(1235, 34),
	(1235, 35),
	(1235, 36),
	(1235, 37),
	(1235, 38),
	(1235, 39),
	(1235, 40),
	(1235, 41),
	(1235, 42),
	(1235, 43),
	(1235, 44),
	(1236, 45),
	(1236, 46),
	(1236, 47),
	(1236, 48),
	(1236, 49),
	(1236, 50),
	(1236, 51),
	(1236, 52),
	(1236, 53),
	(1236, 54),
	(1236, 55),
	(1236, 56),
	(1236, 57),
	(1236, 58),
	(1236, 59),
	(1236, 60),
	(1236, 61),
	(1236, 62),
	(1236, 63),
	(1236, 64),
	(1236, 65),
	(1236, 66),
	(1236, 67),
	(1236, 68),
	(1236, 69),
	(1236, 70),
	(1236, 71),
	(1236, 72),
	(1236, 73),
	(1236, 74),
	(1236, 75),
	(1236, 76),
	(1236, 77),
	(1236, 78),
	(1236, 79),
	(1236, 80),
	(1236, 81),
	(1236, 82),
	(1236, 83),
	(1236, 84),
	(1236, 85),
	(1236, 86),
	(1236, 87),
	(1236, 88),
	(1236, 89),
	(1236, 90),
	(1236, 91),
	(1236, 92),
	(1236, 93),
	(1236, 94),
	(1237, 95),
	(1237, 96),
	(1237, 97),
	(1237, 98),
	(1237, 99),
	(1237, 100),
	(1237, 101),
	(1237, 102),
	(1237, 103),
	(1237, 104),
	(1237, 105),
	(1237, 106),
	(1237, 107),
	(1237, 108),
	(1237, 109),
	(1237, 110),
	(1237, 111),
	(1237, 112),
	(1237, 113),
	(1237, 114),
	(1237, 115),
	(1237, 116),
	(1237, 117),
	(1237, 118),
	(1237, 119),
	(1237, 120),
	(1237, 121),
	(1237, 122),
	(1237, 123),
	(1237, 124),
	(1237, 125),
	(1237, 126),
	(1237, 127),
	(1237, 128),
	(1237, 129),
	(1237, 130),
	(1237, 131),
	(1237, 132),
	(1237, 133),
	(1237, 134),
	(1237, 135),
	(1237, 136),
	(1237, 137),
	(1237, 138),
	(1237, 139),
	(1237, 140),
	(1237, 141),
	(1237, 142),
	(1237, 143),
	(1237, 144),
	(1237, 145),
	(1237, 146),
	(1237, 147),
	(1237, 148),
	(1237, 149),
	(1237, 150),
	(1237, 151),
	(1237, 152),
	(1237, 153),
	(1237, 154),
	(1238, 155),
	(1238, 156),
	(1238, 157),
	(1238, 158),
	(1238, 159),
	(1238, 160),
	(1238, 161),
	(1238, 162),
	(1238, 163),
	(1238, 164),
	(1238, 165),
	(1238, 166),
	(1238, 167),
	(1238, 168),
	(1238, 169),
	(1238, 170),
	(1238, 171),
	(1238, 172),
	(1238, 173),
	(1238, 174),
	(1238, 175),
	(1238, 176),
	(1238, 177),
	(1238, 178),
	(1238, 179),
	(1238, 180),
	(1238, 181),
	(1238, 182),
	(1238, 183),
	(1238, 184),
	(1238, 185),
	(1238, 186),
	(1238, 187),
	(1238, 188),
	(1238, 189),
	(1238, 190),
	(1238, 191),
	(1238, 192),
	(1238, 193),
	(1238, 194),
	(1238, 195),
	(1238, 196),
	(1238, 197),
	(1238, 198),
	(1238, 199),
	(1238, 200),
	(1238, 201),
	(1238, 202),
	(1238, 203),
	(1238, 204),
	(1238, 205),
	(1238, 206),
	(1238, 207),
	(1238, 208),
	(1238, 209),
	(1238, 210),
	(1238, 211),
	(1238, 212),
	(1238, 213),
	(1238, 214),
	(1238, 215),
	(1238, 216),
	(1238, 217),
	(1238, 218),
	(1238, 219),
	(1238, 220),
	(1238, 221),
	(1238, 222),
	(1238, 223),
	(1238, 224),
	(1239, 225),
	(1239, 226),
	(1239, 227),
	(1239, 228),
	(1239, 229),
	(1239, 230),
	(1240, 231),
	(1240, 232),
	(1240, 233),
	(1240, 234),
	(1240, 235),
	(1240, 236),
	(1240, 237),
	(1240, 238),
	(1240, 239),
	(1240, 240),
	(1240, 241),
	(1240, 242),
	(1240, 243),
	(1240, 244),
	(1241, 245),
	(1241, 246),
	(1241, 247),
	(1241, 248),
	(1241, 249),
	(1241, 250),
	(1241, 251),
	(1241, 252),
	(1241, 253),
	(1241, 254),
	(1241, 255),
	(1241, 256),
	(1241, 257),
	(1241, 258),
	(1241, 259),
	(1241, 260),
	(1241, 261),
	(1241, 262),
	(1241, 263),
	(1241, 264),
	(1241, 265),
	(1241, 266),
	(1241, 267),
	(1241, 268),
	(1241, 269),
	(1241, 270),
	(1241, 271),
	(1241, 272),
	(1241, 273),
	(1241, 274),
	(1241, 275),
	(1241, 276),
	(1241, 277),
	(1241, 278),
	(1241, 279),
	(1241, 280),
	(1241, 281),
	(1241, 282),
	(1241, 283),
	(1241, 284),
	(1241, 285),
	(1241, 286),
	(1241, 287),
	(1241, 288),
	(1241, 289),
	(1241, 290),
	(1241, 291),
	(1241, 292),
	(1241, 293),
	(1241, 294),
	(1242, 295),
	(1242, 296),
	(1242, 297),
	(1242, 298),
	(1242, 299),
	(1242, 300),
	(1242, 301),
	(1242, 302),
	(1242, 303),
	(1242, 304),
	(1242, 305),
	(1242, 306),
	(1242, 307),
	(1242, 308),
	(1242, 309),
	(1242, 310),
	(1242, 311),
	(1242, 312),
	(1242, 313),
	(1242, 314),
	(1242, 315),
	(1242, 316),
	(1242, 317),
	(1242, 318),
	(1242, 319),
	(1242, 320),
	(1242, 321),
	(1242, 322),
	(1242, 323),
	(1242, 324),
	(1242, 325),
	(1242, 326),
	(1242, 327),
	(1242, 328),
	(1242, 329),
	(1242, 330),
	(1242, 331),
	(1242, 332),
	(1242, 333),
	(1242, 334),
	(1242, 335),
	(1242, 336),
	(1242, 337),
	(1242, 338),
	(1242, 339),
	(1242, 340),
	(1242, 341),
	(1242, 342),
	(1242, 343),
	(1242, 344),
	(1242, 345),
	(1242, 346),
	(1242, 347),
	(1242, 348),
	(1242, 349),
	(1242, 350),
	(1242, 351),
	(1242, 352),
	(1242, 353),
	(1242, 354),
	(1243, 355),
	(1243, 356),
	(1243, 357),
	(1243, 358),
	(1243, 359),
	(1243, 360),
	(1243, 361),
	(1243, 362),
	(1243, 363),
	(1243, 364),
	(1243, 365),
	(1243, 366),
	(1243, 367),
	(1243, 368),
	(1243, 369),
	(1243, 370),
	(1243, 371),
	(1243, 372),
	(1243, 373),
	(1243, 374),
	(1243, 375),
	(1243, 376),
	(1243, 377),
	(1243, 378),
	(1243, 379),
	(1243, 380),
	(1243, 381),
	(1243, 382),
	(1243, 383),
	(1243, 384),
	(1243, 385),
	(1243, 386),
	(1243, 387),
	(1243, 388),
	(1243, 389),
	(1243, 390),
	(1243, 391),
	(1243, 392),
	(1243, 393),
	(1243, 394),
	(1243, 395),
	(1243, 396),
	(1243, 397),
	(1243, 398),
	(1243, 399),
	(1243, 400),
	(1243, 401),
	(1243, 402),
	(1243, 403),
	(1243, 404),
	(1243, 405),
	(1243, 406),
	(1243, 407),
	(1243, 408),
	(1243, 409),
	(1243, 410),
	(1243, 411),
	(1243, 412),
	(1243, 413),
	(1243, 414),
	(1243, 415),
	(1243, 416),
	(1243, 417),
	(1243, 418),
	(1243, 419),
	(1243, 420),
	(1243, 421),
	(1243, 422),
	(1243, 423),
	(1243, 424),
	(1244, 425),
	(1244, 426),
	(1244, 427),
	(1244, 428),
	(1244, 429),
	(1244, 430),
	(1245, 431),
	(1245, 432),
	(1245, 433),
	(1245, 434),
	(1245, 435),
	(1245, 436),
	(1245, 437),
	(1245, 438),
	(1245, 439),
	(1245, 440),
	(1245, 441),
	(1245, 442),
	(1245, 443),
	(1245, 444),
	(1246, 445),
	(1246, 446),
	(1246, 447),
	(1246, 448),
	(1246, 449),
	(1246, 450),
	(1246, 451),
	(1246, 452),
	(1246, 453),
	(1246, 454),
	(1246, 455),
	(1246, 456),
	(1246, 457),
	(1246, 458),
	(1246, 459),
	(1246, 460),
	(1246, 461),
	(1246, 462),
	(1246, 463),
	(1246, 464),
	(1246, 465),
	(1246, 466),
	(1246, 467),
	(1246, 468),
	(1246, 469),
	(1246, 470),
	(1246, 471),
	(1246, 472),
	(1246, 473),
	(1246, 474),
	(1246, 475),
	(1246, 476),
	(1246, 477),
	(1246, 478),
	(1246, 479),
	(1246, 480),
	(1246, 481),
	(1246, 482),
	(1246, 483),
	(1246, 484),
	(1246, 485),
	(1246, 486),
	(1246, 487),
	(1246, 488),
	(1246, 489),
	(1246, 490),
	(1246, 491),
	(1246, 492),
	(1246, 493),
	(1246, 494),
	(1247, 495),
	(1247, 496),
	(1247, 497),
	(1247, 498),
	(1247, 499),
	(1247, 500),
	(1247, 501),
	(1247, 502),
	(1247, 503),
	(1247, 504),
	(1247, 505),
	(1247, 506),
	(1247, 507),
	(1247, 508),
	(1247, 509),
	(1247, 510),
	(1247, 511),
	(1247, 512),
	(1247, 513),
	(1247, 514),
	(1247, 515),
	(1247, 516),
	(1247, 517),
	(1247, 518),
	(1247, 519),
	(1247, 520),
	(1247, 521),
	(1247, 522),
	(1247, 523),
	(1247, 524),
	(1247, 525),
	(1247, 526),
	(1247, 527),
	(1247, 528),
	(1247, 529),
	(1247, 530),
	(1247, 531),
	(1247, 532),
	(1247, 533),
	(1247, 534),
	(1247, 535),
	(1247, 536),
	(1247, 537),
	(1247, 538),
	(1247, 539),
	(1247, 540),
	(1247, 541),
	(1247, 542),
	(1247, 543),
	(1247, 544),
	(1247, 545),
	(1247, 546),
	(1247, 547),
	(1247, 548),
	(1247, 549),
	(1247, 550),
	(1247, 551),
	(1247, 552),
	(1247, 553),
	(1247, 554),
	(1248, 555),
	(1248, 556),
	(1248, 557),
	(1248, 558),
	(1248, 559),
	(1248, 560),
	(1248, 561),
	(1248, 562),
	(1248, 563),
	(1248, 564),
	(1248, 565),
	(1248, 566),
	(1248, 567),
	(1248, 568),
	(1248, 569),
	(1248, 570),
	(1248, 571),
	(1248, 572),
	(1248, 573),
	(1248, 574),
	(1248, 575),
	(1248, 576),
	(1248, 577),
	(1248, 578),
	(1248, 579),
	(1248, 580),
	(1248, 581),
	(1248, 582),
	(1248, 583),
	(1248, 584),
	(1248, 585),
	(1248, 586),
	(1248, 587),
	(1248, 588),
	(1248, 589),
	(1248, 590),
	(1248, 591),
	(1248, 592),
	(1248, 593),
	(1248, 594),
	(1248, 595),
	(1248, 596),
	(1248, 597),
	(1248, 598),
	(1248, 599),
	(1248, 600),
	(1248, 601),
	(1248, 602),
	(1248, 603),
	(1248, 604),
	(1248, 605),
	(1248, 606),
	(1248, 607),
	(1248, 608),
	(1248, 609),
	(1248, 610),
	(1248, 611),
	(1248, 612),
	(1248, 613),
	(1248, 614),
	(1248, 615),
	(1248, 616),
	(1248, 617),
	(1248, 618),
	(1248, 619),
	(1248, 620),
	(1248, 621),
	(1248, 622),
	(1248, 623),
	(1248, 624),
	(1249, 625),
	(1249, 626),
	(1249, 627),
	(1249, 628),
	(1249, 629),
	(1249, 630),
	(1250, 631),
	(1250, 632),
	(1250, 633),
	(1250, 634),
	(1250, 635),
	(1250, 636),
	(1250, 637),
	(1250, 638),
	(1250, 639),
	(1250, 640),
	(1250, 641),
	(1250, 642),
	(1250, 643),
	(1250, 644),
	(1251, 645),
	(1251, 646),
	(1251, 647),
	(1251, 648),
	(1251, 649),
	(1251, 650),
	(1251, 651),
	(1251, 652),
	(1251, 653),
	(1251, 654),
	(1251, 655),
	(1251, 656),
	(1251, 657),
	(1251, 658),
	(1251, 659),
	(1251, 660),
	(1251, 661),
	(1251, 662),
	(1251, 663),
	(1251, 664),
	(1251, 665),
	(1251, 666),
	(1251, 667),
	(1251, 668),
	(1251, 669),
	(1251, 670),
	(1251, 671),
	(1251, 672),
	(1251, 673),
	(1251, 674),
	(1251, 675),
	(1251, 676),
	(1251, 677),
	(1251, 678),
	(1251, 679),
	(1251, 680),
	(1251, 681),
	(1251, 682),
	(1251, 683),
	(1251, 684),
	(1251, 685),
	(1251, 686),
	(1251, 687),
	(1251, 688),
	(1251, 689),
	(1251, 690),
	(1251, 691),
	(1251, 692),
	(1251, 693),
	(1251, 694),
	(1252, 695),
	(1252, 696),
	(1252, 697),
	(1252, 698),
	(1252, 699),
	(1252, 700),
	(1252, 701),
	(1252, 702),
	(1252, 703),
	(1252, 704),
	(1252, 705),
	(1252, 706),
	(1252, 707),
	(1252, 708),
	(1252, 709),
	(1252, 710),
	(1252, 711),
	(1252, 712),
	(1252, 713),
	(1252, 714),
	(1252, 715),
	(1252, 716),
	(1252, 717),
	(1252, 718),
	(1252, 719),
	(1252, 720),
	(1252, 721),
	(1252, 722),
	(1252, 723),
	(1252, 724),
	(1252, 725),
	(1252, 726),
	(1252, 727),
	(1252, 728),
	(1252, 729),
	(1252, 730),
	(1252, 731),
	(1252, 732),
	(1252, 733),
	(1252, 734),
	(1252, 735),
	(1252, 736),
	(1252, 737),
	(1252, 738),
	(1252, 739),
	(1252, 740),
	(1252, 741),
	(1252, 742),
	(1252, 743),
	(1252, 744),
	(1252, 745),
	(1252, 746),
	(1252, 747),
	(1252, 748),
	(1252, 749),
	(1252, 750),
	(1252, 751),
	(1252, 752),
	(1252, 753),
	(1252, 754),
	(1253, 755),
	(1253, 756),
	(1253, 757),
	(1253, 758),
	(1253, 759),
	(1253, 760),
	(1253, 761),
	(1253, 762),
	(1253, 763),
	(1253, 764),
	(1253, 765),
	(1253, 766),
	(1253, 767),
	(1253, 768),
	(1253, 769),
	(1253, 770),
	(1253, 771),
	(1253, 772),
	(1253, 773),
	(1253, 774),
	(1253, 775),
	(1253, 776),
	(1253, 777),
	(1253, 778),
	(1253, 779),
	(1253, 780),
	(1253, 781),
	(1253, 782),
	(1253, 783),
	(1253, 784),
	(1253, 785),
	(1253, 786),
	(1253, 787),
	(1253, 788),
	(1253, 789),
	(1253, 790),
	(1253, 791),
	(1253, 792),
	(1253, 793),
	(1253, 794),
	(1253, 795),
	(1253, 796),
	(1253, 797),
	(1253, 798),
	(1253, 799),
	(1253, 800),
	(1253, 801),
	(1253, 802),
	(1253, 803),
	(1253, 804),
	(1253, 805),
	(1253, 806),
	(1253, 807),
	(1253, 808),
	(1253, 809),
	(1253, 810),
	(1253, 811),
	(1253, 812),
	(1253, 813),
	(1253, 814),
	(1253, 815),
	(1253, 816),
	(1253, 817),
	(1253, 818),
	(1253, 819),
	(1253, 820),
	(1253, 821),
	(1253, 822),
	(1253, 823),
	(1253, 824),
	(1254, 825),
	(1254, 826),
	(1254, 827),
	(1254, 828),
	(1254, 829),
	(1254, 830),
	(1255, 831),
	(1255, 832),
	(1255, 833),
	(1255, 834),
	(1255, 835),
	(1255, 836),
	(1255, 837),
	(1255, 838),
	(1255, 839),
	(1255, 840),
	(1255, 841),
	(1255, 842),
	(1255, 843),
	(1255, 844),
	(1256, 845),
	(1256, 846),
	(1256, 847),
	(1256, 848),
	(1256, 849),
	(1256, 850),
	(1256, 851),
	(1256, 852),
	(1256, 853),
	(1256, 854),
	(1256, 855),
	(1256, 856),
	(1256, 857),
	(1256, 858),
	(1256, 859),
	(1256, 860),
	(1256, 861),
	(1256, 862),
	(1256, 863),
	(1256, 864),
	(1256, 865),
	(1256, 866),
	(1256, 867),
	(1256, 868),
	(1256, 869),
	(1256, 870),
	(1256, 871),
	(1256, 872),
	(1256, 873),
	(1256, 874),
	(1256, 875),
	(1256, 876),
	(1256, 877),
	(1256, 878),
	(1256, 879),
	(1256, 880),
	(1256, 881),
	(1256, 882),
	(1256, 883),
	(1256, 884),
	(1256, 885),
	(1256, 886),
	(1256, 887),
	(1256, 888),
	(1256, 889),
	(1256, 890),
	(1256, 891),
	(1256, 892),
	(1256, 893),
	(1256, 894),
	(1257, 895),
	(1257, 896),
	(1257, 897),
	(1257, 898),
	(1257, 899),
	(1257, 900),
	(1257, 901),
	(1257, 902),
	(1257, 903),
	(1257, 904),
	(1257, 905),
	(1257, 906),
	(1257, 907),
	(1257, 908),
	(1257, 909),
	(1257, 910),
	(1257, 911),
	(1257, 912),
	(1257, 913),
	(1257, 914),
	(1257, 915),
	(1257, 916),
	(1257, 917),
	(1257, 918),
	(1257, 919),
	(1257, 920),
	(1257, 921),
	(1257, 922),
	(1257, 923),
	(1257, 924),
	(1257, 925),
	(1257, 926),
	(1257, 927),
	(1257, 928),
	(1257, 929),
	(1257, 930),
	(1257, 931),
	(1257, 932),
	(1257, 933),
	(1257, 934),
	(1257, 935),
	(1257, 936),
	(1257, 937),
	(1257, 938),
	(1257, 939),
	(1257, 940),
	(1257, 941),
	(1257, 942),
	(1257, 943),
	(1257, 944),
	(1257, 945),
	(1257, 946),
	(1257, 947),
	(1257, 948),
	(1257, 949),
	(1257, 950),
	(1257, 951),
	(1257, 952),
	(1257, 953),
	(1257, 954),
	(1258, 955),
	(1258, 956),
	(1258, 957),
	(1258, 958),
	(1258, 959),
	(1258, 960),
	(1258, 961),
	(1258, 962),
	(1258, 963),
	(1258, 964),
	(1258, 965),
	(1258, 966),
	(1258, 967),
	(1258, 968),
	(1258, 969),
	(1258, 970),
	(1258, 971),
	(1258, 972),
	(1258, 973),
	(1258, 974),
	(1258, 975),
	(1258, 976),
	(1258, 977),
	(1258, 978),
	(1258, 979),
	(1258, 980),
	(1258, 981),
	(1258, 982),
	(1258, 983),
	(1258, 984),
	(1258, 985),
	(1258, 986),
	(1258, 987),
	(1258, 988),
	(1258, 989),
	(1258, 990),
	(1258, 991),
	(1258, 992),
	(1258, 993),
	(1258, 994),
	(1258, 995),
	(1258, 996),
	(1258, 997),
	(1258, 998),
	(1258, 999),
	(1258, 1000),
	(1258, 1001),
	(1258, 1002),
	(1258, 1003),
	(1258, 1004),
	(1258, 1005),
	(1258, 1006),
	(1258, 1007),
	(1258, 1008),
	(1258, 1009),
	(1258, 1010),
	(1258, 1011),
	(1258, 1012),
	(1258, 1013),
	(1258, 1014),
	(1258, 1015),
	(1258, 1016),
	(1258, 1017),
	(1258, 1018),
	(1258, 1019),
	(1258, 1020),
	(1258, 1021),
	(1258, 1022),
	(1258, 1023),
	(1258, 1024),
	(1259, 1025),
	(1260, 1026),
	(1260, 1027),
	(1260, 1028),
	(1261, 1029),
	(1261, 1030),
	(1261, 1031),
	(1261, 1032),
	(1261, 1033),
	(1261, 1034),
	(1261, 1035),
	(1262, 1036),
	(1262, 1037),
	(1262, 1038),
	(1262, 1039),
	(1262, 1040);
/*!40000 ALTER TABLE `product_token` ENABLE KEYS */;

-- 테이블 blockChain.refresh_token 구조 내보내기
CREATE TABLE IF NOT EXISTS `refresh_token` (
  `member_id` varchar(255) NOT NULL,
  `refresh_token` varchar(255) DEFAULT NULL,
  PRIMARY KEY (`member_id`)
) ENGINE=InnoDB DEFAULT CHARSET=utf8mb4;

-- 테이블 데이터 blockChain.refresh_token:~13 rows (대략적) 내보내기
DELETE FROM `refresh_token`;
/*!40000 ALTER TABLE `refresh_token` DISABLE KEYS */;
INSERT INTO `refresh_token` (`member_id`, `refresh_token`) VALUES
	('1598', 'eyJhbGciOiJIUzUxMiJ9.eyJleHAiOjE2MzQxODU0ODJ9.ZE-MBHBvaLcLpxaZ5FgjqzFoYq6r8fV_YTZBOF2Ddnu571opmIZJJHvQA9u9H9iInDd3iEUUkvQa3DR_hvIfaQ'),
	('1599', 'eyJhbGciOiJIUzUxMiJ9.eyJleHAiOjE2MzQxOTczNDV9.GDW_9u6gOvMh8KFqi6LB7f-qBs84ObAhH5eHQRd-H-CT1lGn8RS8cIaYnVONNF9evyOsu0kbU-1PIl95YLnd8w'),
	('1619', 'eyJhbGciOiJIUzUxMiJ9.eyJleHAiOjE2MzQwOTE1MjB9.eTQF9sX5zKKreErH6_l8smyjGBx6BECqGJeGEtltg6ibcBRtJxRIx7JbGxkB-OkgAqliwzy4lwnZXr70CA-xHQ'),
	('1623', 'eyJhbGciOiJIUzUxMiJ9.eyJleHAiOjE2MzQwODk2MjF9.aA-twA2GeEIygFcPVhT9Cm5xjepZji0E0HhRqYIqwWp0gBbNNKy6cesDnyu4UyE61wf9vOyAuwmlD3VUEpMUEA'),
	('1625', 'eyJhbGciOiJIUzUxMiJ9.eyJleHAiOjE2MzQwODk3ODZ9.DWkVpTw_YXVS-UVemw05HUZ4dGhi7tO2aHIu1XQNIQ2OpIB868KFjuGRNvlXnD0rVx0Sp-C4pd2r8l6VwOQ0ag'),
	('1628', 'eyJhbGciOiJIUzUxMiJ9.eyJleHAiOjE2MzQxNzUyMTN9.QB0A9PJqjlEJ3uGnw6B9LGdYQGsTXPKmblMqkQmLECedoqCELtw4jDGhQmvN_bDi2z_ShMW2Z9BNo3C0Otiygg'),
	('1634', 'eyJhbGciOiJIUzUxMiJ9.eyJleHAiOjE2MzQxMDI4Mzh9.kGskpJwStBt45UuEZFlzWeHR-RI_n_KSYAV6S0yCVwcLp75xcafxlR3tzKv23XZtwzfZEYuyJSAhB1kZEQznUg'),
	('1636', 'eyJhbGciOiJIUzUxMiJ9.eyJleHAiOjE2MzQxNzcwMjl9.23U0gsnp8UnAA3gUjfRRRBh6xUQtRTMtwvVYARbeAnjJ1EstzPxKOvBjpd3jwF5lNj284Rlsn88D84BUNVGUTg'),
	('1637', 'eyJhbGciOiJIUzUxMiJ9.eyJleHAiOjE2MzQxMTE0NTB9.DDeEUfyj0uPGhldVL2gmlcm-Wt4isknfG8X6EDYtNz-dJsTD_u9jKwezJx11GSNYPo7vVLG3CqB82ligXvl03g'),
	('1643', 'eyJhbGciOiJIUzUxMiJ9.eyJleHAiOjE2MzQxNzY4MjV9.5_yJnEF0dZUzJhrD7iZkdYpsg4lXDEkv8bGybhYcq4dHw77iIMmCOnGYCLklS3F7Qy_NpCc7-cpATtTdpN_cdg'),
	('1644', 'eyJhbGciOiJIUzUxMiJ9.eyJleHAiOjE2MzQxNzcwNzl9.kO8ytU7aiPTjWMeXE0C5kKP1x2CJnXy7hHzMdxxhq4AbOriGjb1N8WDmYtGXjt0erc-taFQZ3m55MHBkQroyNw'),
	('5', 'eyJhbGciOiJIUzUxMiJ9.eyJleHAiOjE2MzQxNzM5Nzh9.6mb_PIPlNziPE9NL_2MLWwlRK14wupvpsQ9Xaj1lrNSlV3WTU03IsXZpcFu9cgV7w0J18L7R-MJRdHAKzcw80g'),
	('8', 'eyJhbGciOiJIUzUxMiJ9.eyJleHAiOjE2MzQwMzEzNTd9.1pr_Dk2FS_WmDwPql1odwgK0MB3hzo7WM7bLj1y66L0VC91wObzh9CbqF1ORik2cSVs6HBnUrCpuyxUIHGN8wA');
/*!40000 ALTER TABLE `refresh_token` ENABLE KEYS */;

-- 테이블 blockChain.reply 구조 내보내기
CREATE TABLE IF NOT EXISTS `reply` (
  `reply_no` bigint(20) NOT NULL,
  `reply_content` varchar(3000) DEFAULT NULL,
  `reply_date` datetime(6) DEFAULT NULL,
  `member_no` bigint(20) DEFAULT NULL,
  `sales_no` bigint(20) DEFAULT NULL,
  PRIMARY KEY (`reply_no`),
  KEY `FKn736cv19l0pmocdj0fhf285g6` (`member_no`),
  KEY `FKg41f61uu9xm4fsr5ihpv23ga4` (`sales_no`),
  CONSTRAINT `FKg41f61uu9xm4fsr5ihpv23ga4` FOREIGN KEY (`sales_no`) REFERENCES `sales` (`sales_no`),
  CONSTRAINT `FKn736cv19l0pmocdj0fhf285g6` FOREIGN KEY (`member_no`) REFERENCES `member` (`member_no`)
) ENGINE=InnoDB DEFAULT CHARSET=utf8mb4;

-- 테이블 데이터 blockChain.reply:~266 rows (대략적) 내보내기
DELETE FROM `reply`;
/*!40000 ALTER TABLE `reply` DISABLE KEYS */;
INSERT INTO `reply` (`reply_no`, `reply_content`, `reply_date`, `member_no`, `sales_no`) VALUES
	(1305, '1 서로를 닮아 기울어진 삶\r\n\r\n소원을 담아 차오르는 달', '2021-10-02 16:39:43.615403', 5, 1292),
	(1306, '2 서로를 닮아 기울어진 삶\r\n\r\n소원을 담아 차오르는 달', '2021-10-02 16:40:43.624405', 6, 1292),
	(1307, '3 이른 아침 작은 새들 노랫소리 들려오면\r\n언제나 그랬듯 아쉽게 잠을 깬다\r\n창문 하나 햇살 가득 눈부시게 비쳐오고\r\n서늘한 냉기에 재채기할까 말까 음', '2021-10-02 16:41:43.642409', 7, 1292),
	(1308, '4 서로를 닮아 기울어진 삶\r\n\r\n소원을 담아 차오르는 달', '2021-10-02 16:42:43.658413', 8, 1292),
	(1309, '5 이른 아침 작은 새들 노랫소리 들려오면\r\n언제나 그랬듯 아쉽게 잠을 깬다\r\n창문 하나 햇살 가득 눈부시게 비쳐오고\r\n서늘한 냉기에 재채기할까 말까 음', '2021-10-02 16:43:43.679418', 9, 1292),
	(1310, '6 눈물이 차올라서 고갤 들어\r\n흐르지 못하게 또 살짝 웃어\r\n내게 왜 이러는지? 무슨 말을 하는지?\r\n오늘 했던 모든 말 저 하늘 위로\r\n한번도 못했던 말\r\n울면서 할 줄은 나 몰랐던 말\r\n나는요 오빠가 좋은걸 (휴)\r\n어떡해?\r\n이런 나를 보고 그런 슬픈 말은 하지 말아요 (하지 말아요)\r\n철없는 건지, 조금 둔한 건지, 믿을 수가 없는걸요\r\n눈물은 나오는데 활짝 웃어\r\n네 앞을 막고서 막 크게 웃어\r\n내가 왜 이러는지? 부끄럼도 없는지?\r\n자존심은 곱게 접어 하늘위로\r\n한 번도 못했던 말\r\n어쩌면 다신 못할 바로 그 말\r\n나는요 오빠가 좋은걸 (아이쿠, 하나, 둘)', '2021-10-02 16:44:43.695421', 10, 1292),
	(1311, '7 눈물이 차올라서 고갤 들어\r\n흐르지 못하게 또 살짝 웃어\r\n내게 왜 이러는지? 무슨 말을 하는지?\r\n오늘 했던 모든 말 저 하늘 위로\r\n한번도 못했던 말\r\n울면서 할 줄은 나 몰랐던 말\r\n나는요 오빠가 좋은걸 (휴)\r\n어떡해?\r\n이런 나를 보고 그런 슬픈 말은 하지 말아요 (하지 말아요)\r\n철없는 건지, 조금 둔한 건지, 믿을 수가 없는걸요\r\n눈물은 나오는데 활짝 웃어\r\n네 앞을 막고서 막 크게 웃어\r\n내가 왜 이러는지? 부끄럼도 없는지?\r\n자존심은 곱게 접어 하늘위로\r\n한 번도 못했던 말\r\n어쩌면 다신 못할 바로 그 말\r\n나는요 오빠가 좋은걸 (아이쿠, 하나, 둘)', '2021-10-02 16:45:43.715427', 11, 1292),
	(1312, '8 서로를 닮아 기울어진 삶\r\n\r\n소원을 담아 차오르는 달', '2021-10-02 16:46:43.731430', 12, 1292),
	(1313, '9 눈물이 차올라서 고갤 들어\r\n흐르지 못하게 또 살짝 웃어\r\n내게 왜 이러는지? 무슨 말을 하는지?\r\n오늘 했던 모든 말 저 하늘 위로\r\n한번도 못했던 말\r\n울면서 할 줄은 나 몰랐던 말\r\n나는요 오빠가 좋은걸 (휴)\r\n어떡해?\r\n이런 나를 보고 그런 슬픈 말은 하지 말아요 (하지 말아요)\r\n철없는 건지, 조금 둔한 건지, 믿을 수가 없는걸요\r\n눈물은 나오는데 활짝 웃어\r\n네 앞을 막고서 막 크게 웃어\r\n내가 왜 이러는지? 부끄럼도 없는지?\r\n자존심은 곱게 접어 하늘위로\r\n한 번도 못했던 말\r\n어쩌면 다신 못할 바로 그 말\r\n나는요 오빠가 좋은걸 (아이쿠, 하나, 둘)', '2021-10-02 16:47:43.752435', 13, 1292),
	(1314, '10 눈물이 차올라서 고갤 들어\r\n흐르지 못하게 또 살짝 웃어\r\n내게 왜 이러는지? 무슨 말을 하는지?\r\n오늘 했던 모든 말 저 하늘 위로\r\n한번도 못했던 말\r\n울면서 할 줄은 나 몰랐던 말\r\n나는요 오빠가 좋은걸 (휴)\r\n어떡해?\r\n이런 나를 보고 그런 슬픈 말은 하지 말아요 (하지 말아요)\r\n철없는 건지, 조금 둔한 건지, 믿을 수가 없는걸요\r\n눈물은 나오는데 활짝 웃어\r\n네 앞을 막고서 막 크게 웃어\r\n내가 왜 이러는지? 부끄럼도 없는지?\r\n자존심은 곱게 접어 하늘위로\r\n한 번도 못했던 말\r\n어쩌면 다신 못할 바로 그 말\r\n나는요 오빠가 좋은걸 (아이쿠, 하나, 둘)', '2021-10-02 16:48:43.768438', 14, 1292),
	(1315, '11 이른 아침 작은 새들 노랫소리 들려오면\r\n언제나 그랬듯 아쉽게 잠을 깬다\r\n창문 하나 햇살 가득 눈부시게 비쳐오고\r\n서늘한 냉기에 재채기할까 말까 음', '2021-10-02 16:49:43.788442', 15, 1292),
	(1316, '12 눈물이 차올라서 고갤 들어\r\n흐르지 못하게 또 살짝 웃어\r\n내게 왜 이러는지? 무슨 말을 하는지?\r\n오늘 했던 모든 말 저 하늘 위로\r\n한번도 못했던 말\r\n울면서 할 줄은 나 몰랐던 말\r\n나는요 오빠가 좋은걸 (휴)\r\n어떡해?\r\n이런 나를 보고 그런 슬픈 말은 하지 말아요 (하지 말아요)\r\n철없는 건지, 조금 둔한 건지, 믿을 수가 없는걸요\r\n눈물은 나오는데 활짝 웃어\r\n네 앞을 막고서 막 크게 웃어\r\n내가 왜 이러는지? 부끄럼도 없는지?\r\n자존심은 곱게 접어 하늘위로\r\n한 번도 못했던 말\r\n어쩌면 다신 못할 바로 그 말\r\n나는요 오빠가 좋은걸 (아이쿠, 하나, 둘)', '2021-10-02 16:50:43.804446', 16, 1292),
	(1317, '13 눈물이 차올라서 고갤 들어\r\n흐르지 못하게 또 살짝 웃어\r\n내게 왜 이러는지? 무슨 말을 하는지?\r\n오늘 했던 모든 말 저 하늘 위로\r\n한번도 못했던 말\r\n울면서 할 줄은 나 몰랐던 말\r\n나는요 오빠가 좋은걸 (휴)\r\n어떡해?\r\n이런 나를 보고 그런 슬픈 말은 하지 말아요 (하지 말아요)\r\n철없는 건지, 조금 둔한 건지, 믿을 수가 없는걸요\r\n눈물은 나오는데 활짝 웃어\r\n네 앞을 막고서 막 크게 웃어\r\n내가 왜 이러는지? 부끄럼도 없는지?\r\n자존심은 곱게 접어 하늘위로\r\n한 번도 못했던 말\r\n어쩌면 다신 못할 바로 그 말\r\n나는요 오빠가 좋은걸 (아이쿠, 하나, 둘)', '2021-10-02 16:51:43.825452', 17, 1292),
	(1318, '14 이른 아침 작은 새들 노랫소리 들려오면\r\n언제나 그랬듯 아쉽게 잠을 깬다\r\n창문 하나 햇살 가득 눈부시게 비쳐오고\r\n서늘한 냉기에 재채기할까 말까 음', '2021-10-02 16:52:43.841576', 18, 1292),
	(1319, '15 눈물이 차올라서 고갤 들어\r\n흐르지 못하게 또 살짝 웃어\r\n내게 왜 이러는지? 무슨 말을 하는지?\r\n오늘 했던 모든 말 저 하늘 위로\r\n한번도 못했던 말\r\n울면서 할 줄은 나 몰랐던 말\r\n나는요 오빠가 좋은걸 (휴)\r\n어떡해?\r\n이런 나를 보고 그런 슬픈 말은 하지 말아요 (하지 말아요)\r\n철없는 건지, 조금 둔한 건지, 믿을 수가 없는걸요\r\n눈물은 나오는데 활짝 웃어\r\n네 앞을 막고서 막 크게 웃어\r\n내가 왜 이러는지? 부끄럼도 없는지?\r\n자존심은 곱게 접어 하늘위로\r\n한 번도 못했던 말\r\n어쩌면 다신 못할 바로 그 말\r\n나는요 오빠가 좋은걸 (아이쿠, 하나, 둘)', '2021-10-02 16:53:43.861798', 19, 1292),
	(1320, '16 이른 아침 작은 새들 노랫소리 들려오면\r\n언제나 그랬듯 아쉽게 잠을 깬다\r\n창문 하나 햇살 가득 눈부시게 비쳐오고\r\n서늘한 냉기에 재채기할까 말까 음', '2021-10-02 16:54:43.877438', 20, 1292),
	(1321, '17 서로를 닮아 기울어진 삶\r\n\r\n소원을 담아 차오르는 달', '2021-10-02 16:55:43.894136', 21, 1292),
	(1322, '18 이른 아침 작은 새들 노랫소리 들려오면\r\n언제나 그랬듯 아쉽게 잠을 깬다\r\n창문 하나 햇살 가득 눈부시게 비쳐오고\r\n서늘한 냉기에 재채기할까 말까 음', '2021-10-02 16:56:43.918553', 22, 1292),
	(1323, '19 서로를 닮아 기울어진 삶\r\n\r\n소원을 담아 차오르는 달', '2021-10-02 16:57:43.934565', 23, 1292),
	(1324, '20 눈물이 차올라서 고갤 들어\r\n흐르지 못하게 또 살짝 웃어\r\n내게 왜 이러는지? 무슨 말을 하는지?\r\n오늘 했던 모든 말 저 하늘 위로\r\n한번도 못했던 말\r\n울면서 할 줄은 나 몰랐던 말\r\n나는요 오빠가 좋은걸 (휴)\r\n어떡해?\r\n이런 나를 보고 그런 슬픈 말은 하지 말아요 (하지 말아요)\r\n철없는 건지, 조금 둔한 건지, 믿을 수가 없는걸요\r\n눈물은 나오는데 활짝 웃어\r\n네 앞을 막고서 막 크게 웃어\r\n내가 왜 이러는지? 부끄럼도 없는지?\r\n자존심은 곱게 접어 하늘위로\r\n한 번도 못했던 말\r\n어쩌면 다신 못할 바로 그 말\r\n나는요 오빠가 좋은걸 (아이쿠, 하나, 둘)', '2021-10-02 16:58:43.950332', 24, 1292),
	(1325, '21 눈물이 차올라서 고갤 들어\r\n흐르지 못하게 또 살짝 웃어\r\n내게 왜 이러는지? 무슨 말을 하는지?\r\n오늘 했던 모든 말 저 하늘 위로\r\n한번도 못했던 말\r\n울면서 할 줄은 나 몰랐던 말\r\n나는요 오빠가 좋은걸 (휴)\r\n어떡해?\r\n이런 나를 보고 그런 슬픈 말은 하지 말아요 (하지 말아요)\r\n철없는 건지, 조금 둔한 건지, 믿을 수가 없는걸요\r\n눈물은 나오는데 활짝 웃어\r\n네 앞을 막고서 막 크게 웃어\r\n내가 왜 이러는지? 부끄럼도 없는지?\r\n자존심은 곱게 접어 하늘위로\r\n한 번도 못했던 말\r\n어쩌면 다신 못할 바로 그 말\r\n나는요 오빠가 좋은걸 (아이쿠, 하나, 둘)', '2021-10-02 16:59:43.970960', 5, 1293),
	(1326, '22 이른 아침 작은 새들 노랫소리 들려오면\r\n언제나 그랬듯 아쉽게 잠을 깬다\r\n창문 하나 햇살 가득 눈부시게 비쳐오고\r\n서늘한 냉기에 재채기할까 말까 음', '2021-10-02 17:00:43.987228', 6, 1293),
	(1327, '23 서로를 닮아 기울어진 삶\r\n\r\n소원을 담아 차오르는 달', '2021-10-02 17:01:44.007864', 7, 1293),
	(1328, '24 이른 아침 작은 새들 노랫소리 들려오면\r\n언제나 그랬듯 아쉽게 잠을 깬다\r\n창문 하나 햇살 가득 눈부시게 비쳐오고\r\n서늘한 냉기에 재채기할까 말까 음', '2021-10-02 17:02:44.023382', 8, 1293),
	(1329, '25 눈물이 차올라서 고갤 들어\r\n흐르지 못하게 또 살짝 웃어\r\n내게 왜 이러는지? 무슨 말을 하는지?\r\n오늘 했던 모든 말 저 하늘 위로\r\n한번도 못했던 말\r\n울면서 할 줄은 나 몰랐던 말\r\n나는요 오빠가 좋은걸 (휴)\r\n어떡해?\r\n이런 나를 보고 그런 슬픈 말은 하지 말아요 (하지 말아요)\r\n철없는 건지, 조금 둔한 건지, 믿을 수가 없는걸요\r\n눈물은 나오는데 활짝 웃어\r\n네 앞을 막고서 막 크게 웃어\r\n내가 왜 이러는지? 부끄럼도 없는지?\r\n자존심은 곱게 접어 하늘위로\r\n한 번도 못했던 말\r\n어쩌면 다신 못할 바로 그 말\r\n나는요 오빠가 좋은걸 (아이쿠, 하나, 둘)', '2021-10-02 17:03:44.040386', 9, 1293),
	(1330, '26 이른 아침 작은 새들 노랫소리 들려오면\r\n언제나 그랬듯 아쉽게 잠을 깬다\r\n창문 하나 햇살 가득 눈부시게 비쳐오고\r\n서늘한 냉기에 재채기할까 말까 음', '2021-10-02 17:04:44.060390', 10, 1293),
	(1331, '27 서로를 닮아 기울어진 삶\r\n\r\n소원을 담아 차오르는 달', '2021-10-02 17:05:44.076394', 11, 1293),
	(1332, '28 서로를 닮아 기울어진 삶\r\n\r\n소원을 담아 차오르는 달', '2021-10-02 17:06:44.096399', 12, 1293),
	(1333, '29 서로를 닮아 기울어진 삶\r\n\r\n소원을 담아 차오르는 달', '2021-10-02 17:07:44.113403', 13, 1293),
	(1334, '30 서로를 닮아 기울어진 삶\r\n\r\n소원을 담아 차오르는 달', '2021-10-02 17:08:44.133407', 14, 1293),
	(1335, '31 이른 아침 작은 새들 노랫소리 들려오면\r\n언제나 그랬듯 아쉽게 잠을 깬다\r\n창문 하나 햇살 가득 눈부시게 비쳐오고\r\n서늘한 냉기에 재채기할까 말까 음', '2021-10-02 17:09:44.159413', 15, 1293),
	(1336, '32 이른 아침 작은 새들 노랫소리 들려오면\r\n언제나 그랬듯 아쉽게 잠을 깬다\r\n창문 하나 햇살 가득 눈부시게 비쳐오고\r\n서늘한 냉기에 재채기할까 말까 음', '2021-10-02 17:10:44.172416', 16, 1293),
	(1337, '33 이른 아침 작은 새들 노랫소리 들려오면\r\n언제나 그랬듯 아쉽게 잠을 깬다\r\n창문 하나 햇살 가득 눈부시게 비쳐오고\r\n서늘한 냉기에 재채기할까 말까 음', '2021-10-02 17:11:44.185418', 17, 1293),
	(1338, '34 이른 아침 작은 새들 노랫소리 들려오면\r\n언제나 그랬듯 아쉽게 잠을 깬다\r\n창문 하나 햇살 가득 눈부시게 비쳐오고\r\n서늘한 냉기에 재채기할까 말까 음', '2021-10-02 17:12:44.208424', 18, 1293),
	(1339, '35 눈물이 차올라서 고갤 들어\r\n흐르지 못하게 또 살짝 웃어\r\n내게 왜 이러는지? 무슨 말을 하는지?\r\n오늘 했던 모든 말 저 하늘 위로\r\n한번도 못했던 말\r\n울면서 할 줄은 나 몰랐던 말\r\n나는요 오빠가 좋은걸 (휴)\r\n어떡해?\r\n이런 나를 보고 그런 슬픈 말은 하지 말아요 (하지 말아요)\r\n철없는 건지, 조금 둔한 건지, 믿을 수가 없는걸요\r\n눈물은 나오는데 활짝 웃어\r\n네 앞을 막고서 막 크게 웃어\r\n내가 왜 이러는지? 부끄럼도 없는지?\r\n자존심은 곱게 접어 하늘위로\r\n한 번도 못했던 말\r\n어쩌면 다신 못할 바로 그 말\r\n나는요 오빠가 좋은걸 (아이쿠, 하나, 둘)', '2021-10-02 17:13:44.222427', 19, 1293),
	(1340, '36 이른 아침 작은 새들 노랫소리 들려오면\r\n언제나 그랬듯 아쉽게 잠을 깬다\r\n창문 하나 햇살 가득 눈부시게 비쳐오고\r\n서늘한 냉기에 재채기할까 말까 음', '2021-10-02 17:14:44.242431', 20, 1293),
	(1341, '37 서로를 닮아 기울어진 삶\r\n\r\n소원을 담아 차오르는 달', '2021-10-02 17:15:44.258435', 21, 1293),
	(1342, '38 눈물이 차올라서 고갤 들어\r\n흐르지 못하게 또 살짝 웃어\r\n내게 왜 이러는지? 무슨 말을 하는지?\r\n오늘 했던 모든 말 저 하늘 위로\r\n한번도 못했던 말\r\n울면서 할 줄은 나 몰랐던 말\r\n나는요 오빠가 좋은걸 (휴)\r\n어떡해?\r\n이런 나를 보고 그런 슬픈 말은 하지 말아요 (하지 말아요)\r\n철없는 건지, 조금 둔한 건지, 믿을 수가 없는걸요\r\n눈물은 나오는데 활짝 웃어\r\n네 앞을 막고서 막 크게 웃어\r\n내가 왜 이러는지? 부끄럼도 없는지?\r\n자존심은 곱게 접어 하늘위로\r\n한 번도 못했던 말\r\n어쩌면 다신 못할 바로 그 말\r\n나는요 오빠가 좋은걸 (아이쿠, 하나, 둘)', '2021-10-02 17:16:44.279440', 22, 1293),
	(1343, '39 서로를 닮아 기울어진 삶\r\n\r\n소원을 담아 차오르는 달', '2021-10-02 17:17:44.295444', 23, 1293),
	(1344, '40 눈물이 차올라서 고갤 들어\r\n흐르지 못하게 또 살짝 웃어\r\n내게 왜 이러는지? 무슨 말을 하는지?\r\n오늘 했던 모든 말 저 하늘 위로\r\n한번도 못했던 말\r\n울면서 할 줄은 나 몰랐던 말\r\n나는요 오빠가 좋은걸 (휴)\r\n어떡해?\r\n이런 나를 보고 그런 슬픈 말은 하지 말아요 (하지 말아요)\r\n철없는 건지, 조금 둔한 건지, 믿을 수가 없는걸요\r\n눈물은 나오는데 활짝 웃어\r\n네 앞을 막고서 막 크게 웃어\r\n내가 왜 이러는지? 부끄럼도 없는지?\r\n자존심은 곱게 접어 하늘위로\r\n한 번도 못했던 말\r\n어쩌면 다신 못할 바로 그 말\r\n나는요 오빠가 좋은걸 (아이쿠, 하나, 둘)', '2021-10-02 17:18:44.315938', 24, 1293),
	(1345, '41 이른 아침 작은 새들 노랫소리 들려오면\r\n언제나 그랬듯 아쉽게 잠을 깬다\r\n창문 하나 햇살 가득 눈부시게 비쳐오고\r\n서늘한 냉기에 재채기할까 말까 음', '2021-10-02 17:19:44.331942', 5, 1294),
	(1346, '42 서로를 닮아 기울어진 삶\r\n\r\n소원을 담아 차오르는 달', '2021-10-02 17:20:44.351946', 6, 1294),
	(1347, '43 이른 아침 작은 새들 노랫소리 들려오면\r\n언제나 그랬듯 아쉽게 잠을 깬다\r\n창문 하나 햇살 가득 눈부시게 비쳐오고\r\n서늘한 냉기에 재채기할까 말까 음', '2021-10-02 17:21:44.367951', 7, 1294),
	(1348, '44 눈물이 차올라서 고갤 들어\r\n흐르지 못하게 또 살짝 웃어\r\n내게 왜 이러는지? 무슨 말을 하는지?\r\n오늘 했던 모든 말 저 하늘 위로\r\n한번도 못했던 말\r\n울면서 할 줄은 나 몰랐던 말\r\n나는요 오빠가 좋은걸 (휴)\r\n어떡해?\r\n이런 나를 보고 그런 슬픈 말은 하지 말아요 (하지 말아요)\r\n철없는 건지, 조금 둔한 건지, 믿을 수가 없는걸요\r\n눈물은 나오는데 활짝 웃어\r\n네 앞을 막고서 막 크게 웃어\r\n내가 왜 이러는지? 부끄럼도 없는지?\r\n자존심은 곱게 접어 하늘위로\r\n한 번도 못했던 말\r\n어쩌면 다신 못할 바로 그 말\r\n나는요 오빠가 좋은걸 (아이쿠, 하나, 둘)', '2021-10-02 17:22:44.399958', 8, 1294),
	(1349, '45 이른 아침 작은 새들 노랫소리 들려오면\r\n언제나 그랬듯 아쉽게 잠을 깬다\r\n창문 하나 햇살 가득 눈부시게 비쳐오고\r\n서늘한 냉기에 재채기할까 말까 음', '2021-10-02 17:23:44.405959', 9, 1294),
	(1350, '46 눈물이 차올라서 고갤 들어\r\n흐르지 못하게 또 살짝 웃어\r\n내게 왜 이러는지? 무슨 말을 하는지?\r\n오늘 했던 모든 말 저 하늘 위로\r\n한번도 못했던 말\r\n울면서 할 줄은 나 몰랐던 말\r\n나는요 오빠가 좋은걸 (휴)\r\n어떡해?\r\n이런 나를 보고 그런 슬픈 말은 하지 말아요 (하지 말아요)\r\n철없는 건지, 조금 둔한 건지, 믿을 수가 없는걸요\r\n눈물은 나오는데 활짝 웃어\r\n네 앞을 막고서 막 크게 웃어\r\n내가 왜 이러는지? 부끄럼도 없는지?\r\n자존심은 곱게 접어 하늘위로\r\n한 번도 못했던 말\r\n어쩌면 다신 못할 바로 그 말\r\n나는요 오빠가 좋은걸 (아이쿠, 하나, 둘)', '2021-10-02 17:24:44.425385', 10, 1294),
	(1351, '47 눈물이 차올라서 고갤 들어\r\n흐르지 못하게 또 살짝 웃어\r\n내게 왜 이러는지? 무슨 말을 하는지?\r\n오늘 했던 모든 말 저 하늘 위로\r\n한번도 못했던 말\r\n울면서 할 줄은 나 몰랐던 말\r\n나는요 오빠가 좋은걸 (휴)\r\n어떡해?\r\n이런 나를 보고 그런 슬픈 말은 하지 말아요 (하지 말아요)\r\n철없는 건지, 조금 둔한 건지, 믿을 수가 없는걸요\r\n눈물은 나오는데 활짝 웃어\r\n네 앞을 막고서 막 크게 웃어\r\n내가 왜 이러는지? 부끄럼도 없는지?\r\n자존심은 곱게 접어 하늘위로\r\n한 번도 못했던 말\r\n어쩌면 다신 못할 바로 그 말\r\n나는요 오빠가 좋은걸 (아이쿠, 하나, 둘)', '2021-10-02 17:25:44.441389', 11, 1294),
	(1352, '48 이른 아침 작은 새들 노랫소리 들려오면\r\n언제나 그랬듯 아쉽게 잠을 깬다\r\n창문 하나 햇살 가득 눈부시게 비쳐오고\r\n서늘한 냉기에 재채기할까 말까 음', '2021-10-02 17:26:44.461397', 12, 1294),
	(1353, '49 눈물이 차올라서 고갤 들어\r\n흐르지 못하게 또 살짝 웃어\r\n내게 왜 이러는지? 무슨 말을 하는지?\r\n오늘 했던 모든 말 저 하늘 위로\r\n한번도 못했던 말\r\n울면서 할 줄은 나 몰랐던 말\r\n나는요 오빠가 좋은걸 (휴)\r\n어떡해?\r\n이런 나를 보고 그런 슬픈 말은 하지 말아요 (하지 말아요)\r\n철없는 건지, 조금 둔한 건지, 믿을 수가 없는걸요\r\n눈물은 나오는데 활짝 웃어\r\n네 앞을 막고서 막 크게 웃어\r\n내가 왜 이러는지? 부끄럼도 없는지?\r\n자존심은 곱게 접어 하늘위로\r\n한 번도 못했던 말\r\n어쩌면 다신 못할 바로 그 말\r\n나는요 오빠가 좋은걸 (아이쿠, 하나, 둘)', '2021-10-02 17:27:44.477397', 13, 1294),
	(1354, '50 서로를 닮아 기울어진 삶\r\n\r\n소원을 담아 차오르는 달', '2021-10-02 17:28:44.498402', 14, 1294),
	(1355, '51 이른 아침 작은 새들 노랫소리 들려오면\r\n언제나 그랬듯 아쉽게 잠을 깬다\r\n창문 하나 햇살 가득 눈부시게 비쳐오고\r\n서늘한 냉기에 재채기할까 말까 음', '2021-10-02 17:29:44.515406', 15, 1294),
	(1356, '52 서로를 닮아 기울어진 삶\r\n\r\n소원을 담아 차오르는 달', '2021-10-02 17:30:44.534410', 16, 1294),
	(1357, '53 이른 아침 작은 새들 노랫소리 들려오면\r\n언제나 그랬듯 아쉽게 잠을 깬다\r\n창문 하나 햇살 가득 눈부시게 비쳐오고\r\n서늘한 냉기에 재채기할까 말까 음', '2021-10-02 17:31:44.550415', 17, 1294),
	(1358, '54 서로를 닮아 기울어진 삶\r\n\r\n소원을 담아 차오르는 달', '2021-10-02 17:32:44.571419', 18, 1294),
	(1359, '55 서로를 닮아 기울어진 삶\r\n\r\n소원을 담아 차오르는 달', '2021-10-02 17:33:44.587423', 19, 1294),
	(1360, '56 이른 아침 작은 새들 노랫소리 들려오면\r\n언제나 그랬듯 아쉽게 잠을 깬다\r\n창문 하나 햇살 가득 눈부시게 비쳐오고\r\n서늘한 냉기에 재채기할까 말까 음', '2021-10-02 17:34:44.603427', 20, 1294),
	(1361, '57 눈물이 차올라서 고갤 들어\r\n흐르지 못하게 또 살짝 웃어\r\n내게 왜 이러는지? 무슨 말을 하는지?\r\n오늘 했던 모든 말 저 하늘 위로\r\n한번도 못했던 말\r\n울면서 할 줄은 나 몰랐던 말\r\n나는요 오빠가 좋은걸 (휴)\r\n어떡해?\r\n이런 나를 보고 그런 슬픈 말은 하지 말아요 (하지 말아요)\r\n철없는 건지, 조금 둔한 건지, 믿을 수가 없는걸요\r\n눈물은 나오는데 활짝 웃어\r\n네 앞을 막고서 막 크게 웃어\r\n내가 왜 이러는지? 부끄럼도 없는지?\r\n자존심은 곱게 접어 하늘위로\r\n한 번도 못했던 말\r\n어쩌면 다신 못할 바로 그 말\r\n나는요 오빠가 좋은걸 (아이쿠, 하나, 둘)', '2021-10-02 17:35:44.623430', 21, 1294),
	(1362, '58 이른 아침 작은 새들 노랫소리 들려오면\r\n언제나 그랬듯 아쉽게 잠을 깬다\r\n창문 하나 햇살 가득 눈부시게 비쳐오고\r\n서늘한 냉기에 재채기할까 말까 음', '2021-10-02 17:36:44.639434', 22, 1294),
	(1363, '59 눈물이 차올라서 고갤 들어\r\n흐르지 못하게 또 살짝 웃어\r\n내게 왜 이러는지? 무슨 말을 하는지?\r\n오늘 했던 모든 말 저 하늘 위로\r\n한번도 못했던 말\r\n울면서 할 줄은 나 몰랐던 말\r\n나는요 오빠가 좋은걸 (휴)\r\n어떡해?\r\n이런 나를 보고 그런 슬픈 말은 하지 말아요 (하지 말아요)\r\n철없는 건지, 조금 둔한 건지, 믿을 수가 없는걸요\r\n눈물은 나오는데 활짝 웃어\r\n네 앞을 막고서 막 크게 웃어\r\n내가 왜 이러는지? 부끄럼도 없는지?\r\n자존심은 곱게 접어 하늘위로\r\n한 번도 못했던 말\r\n어쩌면 다신 못할 바로 그 말\r\n나는요 오빠가 좋은걸 (아이쿠, 하나, 둘)', '2021-10-02 17:37:44.660439', 23, 1294),
	(1364, '60 눈물이 차올라서 고갤 들어\r\n흐르지 못하게 또 살짝 웃어\r\n내게 왜 이러는지? 무슨 말을 하는지?\r\n오늘 했던 모든 말 저 하늘 위로\r\n한번도 못했던 말\r\n울면서 할 줄은 나 몰랐던 말\r\n나는요 오빠가 좋은걸 (휴)\r\n어떡해?\r\n이런 나를 보고 그런 슬픈 말은 하지 말아요 (하지 말아요)\r\n철없는 건지, 조금 둔한 건지, 믿을 수가 없는걸요\r\n눈물은 나오는데 활짝 웃어\r\n네 앞을 막고서 막 크게 웃어\r\n내가 왜 이러는지? 부끄럼도 없는지?\r\n자존심은 곱게 접어 하늘위로\r\n한 번도 못했던 말\r\n어쩌면 다신 못할 바로 그 말\r\n나는요 오빠가 좋은걸 (아이쿠, 하나, 둘)', '2021-10-02 17:38:44.685445', 24, 1294),
	(1365, '61 서로를 닮아 기울어진 삶\r\n\r\n소원을 담아 차오르는 달', '2021-10-02 17:39:44.696448', 5, 1295),
	(1366, '62 눈물이 차올라서 고갤 들어\r\n흐르지 못하게 또 살짝 웃어\r\n내게 왜 이러는지? 무슨 말을 하는지?\r\n오늘 했던 모든 말 저 하늘 위로\r\n한번도 못했던 말\r\n울면서 할 줄은 나 몰랐던 말\r\n나는요 오빠가 좋은걸 (휴)\r\n어떡해?\r\n이런 나를 보고 그런 슬픈 말은 하지 말아요 (하지 말아요)\r\n철없는 건지, 조금 둔한 건지, 믿을 수가 없는걸요\r\n눈물은 나오는데 활짝 웃어\r\n네 앞을 막고서 막 크게 웃어\r\n내가 왜 이러는지? 부끄럼도 없는지?\r\n자존심은 곱게 접어 하늘위로\r\n한 번도 못했던 말\r\n어쩌면 다신 못할 바로 그 말\r\n나는요 오빠가 좋은걸 (아이쿠, 하나, 둘)', '2021-10-02 17:40:44.712451', 6, 1295),
	(1367, '63 이른 아침 작은 새들 노랫소리 들려오면\r\n언제나 그랬듯 아쉽게 잠을 깬다\r\n창문 하나 햇살 가득 눈부시게 비쳐오고\r\n서늘한 냉기에 재채기할까 말까 음', '2021-10-02 17:41:44.733456', 7, 1295),
	(1368, '64 서로를 닮아 기울어진 삶\r\n\r\n소원을 담아 차오르는 달', '2021-10-02 17:42:44.749460', 8, 1295),
	(1369, '65 이른 아침 작은 새들 노랫소리 들려오면\r\n언제나 그랬듯 아쉽게 잠을 깬다\r\n창문 하나 햇살 가득 눈부시게 비쳐오고\r\n서늘한 냉기에 재채기할까 말까 음', '2021-10-02 17:43:44.769464', 9, 1295),
	(1370, '66 이른 아침 작은 새들 노랫소리 들려오면\r\n언제나 그랬듯 아쉽게 잠을 깬다\r\n창문 하나 햇살 가득 눈부시게 비쳐오고\r\n서늘한 냉기에 재채기할까 말까 음', '2021-10-02 17:44:44.785468', 10, 1295),
	(1371, '67 이른 아침 작은 새들 노랫소리 들려오면\r\n언제나 그랬듯 아쉽게 잠을 깬다\r\n창문 하나 햇살 가득 눈부시게 비쳐오고\r\n서늘한 냉기에 재채기할까 말까 음', '2021-10-02 17:45:44.805472', 11, 1295),
	(1372, '68 서로를 닮아 기울어진 삶\r\n\r\n소원을 담아 차오르는 달', '2021-10-02 17:46:44.822476', 12, 1295),
	(1373, '69 서로를 닮아 기울어진 삶\r\n\r\n소원을 담아 차오르는 달', '2021-10-02 17:47:44.842480', 13, 1295),
	(1374, '70 이른 아침 작은 새들 노랫소리 들려오면\r\n언제나 그랬듯 아쉽게 잠을 깬다\r\n창문 하나 햇살 가득 눈부시게 비쳐오고\r\n서늘한 냉기에 재채기할까 말까 음', '2021-10-02 17:48:44.863486', 14, 1295),
	(1375, '71 이른 아침 작은 새들 노랫소리 들려오면\r\n언제나 그랬듯 아쉽게 잠을 깬다\r\n창문 하나 햇살 가득 눈부시게 비쳐오고\r\n서늘한 냉기에 재채기할까 말까 음', '2021-10-02 17:49:44.878489', 15, 1295),
	(1376, '72 이른 아침 작은 새들 노랫소리 들려오면\r\n언제나 그랬듯 아쉽게 잠을 깬다\r\n창문 하나 햇살 가득 눈부시게 비쳐오고\r\n서늘한 냉기에 재채기할까 말까 음', '2021-10-02 17:50:44.895493', 16, 1295),
	(1377, '73 서로를 닮아 기울어진 삶\r\n\r\n소원을 담아 차오르는 달', '2021-10-02 17:51:44.915497', 17, 1295),
	(1378, '74 서로를 닮아 기울어진 삶\r\n\r\n소원을 담아 차오르는 달', '2021-10-02 17:52:44.931501', 18, 1295),
	(1379, '75 눈물이 차올라서 고갤 들어\r\n흐르지 못하게 또 살짝 웃어\r\n내게 왜 이러는지? 무슨 말을 하는지?\r\n오늘 했던 모든 말 저 하늘 위로\r\n한번도 못했던 말\r\n울면서 할 줄은 나 몰랐던 말\r\n나는요 오빠가 좋은걸 (휴)\r\n어떡해?\r\n이런 나를 보고 그런 슬픈 말은 하지 말아요 (하지 말아요)\r\n철없는 건지, 조금 둔한 건지, 믿을 수가 없는걸요\r\n눈물은 나오는데 활짝 웃어\r\n네 앞을 막고서 막 크게 웃어\r\n내가 왜 이러는지? 부끄럼도 없는지?\r\n자존심은 곱게 접어 하늘위로\r\n한 번도 못했던 말\r\n어쩌면 다신 못할 바로 그 말\r\n나는요 오빠가 좋은걸 (아이쿠, 하나, 둘)', '2021-10-02 17:53:44.951505', 19, 1295),
	(1380, '76 눈물이 차올라서 고갤 들어\r\n흐르지 못하게 또 살짝 웃어\r\n내게 왜 이러는지? 무슨 말을 하는지?\r\n오늘 했던 모든 말 저 하늘 위로\r\n한번도 못했던 말\r\n울면서 할 줄은 나 몰랐던 말\r\n나는요 오빠가 좋은걸 (휴)\r\n어떡해?\r\n이런 나를 보고 그런 슬픈 말은 하지 말아요 (하지 말아요)\r\n철없는 건지, 조금 둔한 건지, 믿을 수가 없는걸요\r\n눈물은 나오는데 활짝 웃어\r\n네 앞을 막고서 막 크게 웃어\r\n내가 왜 이러는지? 부끄럼도 없는지?\r\n자존심은 곱게 접어 하늘위로\r\n한 번도 못했던 말\r\n어쩌면 다신 못할 바로 그 말\r\n나는요 오빠가 좋은걸 (아이쿠, 하나, 둘)', '2021-10-02 17:54:44.967509', 20, 1295),
	(1381, '77 눈물이 차올라서 고갤 들어\r\n흐르지 못하게 또 살짝 웃어\r\n내게 왜 이러는지? 무슨 말을 하는지?\r\n오늘 했던 모든 말 저 하늘 위로\r\n한번도 못했던 말\r\n울면서 할 줄은 나 몰랐던 말\r\n나는요 오빠가 좋은걸 (휴)\r\n어떡해?\r\n이런 나를 보고 그런 슬픈 말은 하지 말아요 (하지 말아요)\r\n철없는 건지, 조금 둔한 건지, 믿을 수가 없는걸요\r\n눈물은 나오는데 활짝 웃어\r\n네 앞을 막고서 막 크게 웃어\r\n내가 왜 이러는지? 부끄럼도 없는지?\r\n자존심은 곱게 접어 하늘위로\r\n한 번도 못했던 말\r\n어쩌면 다신 못할 바로 그 말\r\n나는요 오빠가 좋은걸 (아이쿠, 하나, 둘)', '2021-10-02 17:55:44.988514', 21, 1295),
	(1382, '78 서로를 닮아 기울어진 삶\r\n\r\n소원을 담아 차오르는 달', '2021-10-02 17:56:45.004518', 22, 1295),
	(1383, '79 서로를 닮아 기울어진 삶\r\n\r\n소원을 담아 차오르는 달', '2021-10-02 17:57:45.024522', 23, 1295),
	(1384, '80 눈물이 차올라서 고갤 들어\r\n흐르지 못하게 또 살짝 웃어\r\n내게 왜 이러는지? 무슨 말을 하는지?\r\n오늘 했던 모든 말 저 하늘 위로\r\n한번도 못했던 말\r\n울면서 할 줄은 나 몰랐던 말\r\n나는요 오빠가 좋은걸 (휴)\r\n어떡해?\r\n이런 나를 보고 그런 슬픈 말은 하지 말아요 (하지 말아요)\r\n철없는 건지, 조금 둔한 건지, 믿을 수가 없는걸요\r\n눈물은 나오는데 활짝 웃어\r\n네 앞을 막고서 막 크게 웃어\r\n내가 왜 이러는지? 부끄럼도 없는지?\r\n자존심은 곱게 접어 하늘위로\r\n한 번도 못했던 말\r\n어쩌면 다신 못할 바로 그 말\r\n나는요 오빠가 좋은걸 (아이쿠, 하나, 둘)', '2021-10-02 17:58:45.040525', 24, 1295),
	(1385, '81 이른 아침 작은 새들 노랫소리 들려오면\r\n언제나 그랬듯 아쉽게 잠을 깬다\r\n창문 하나 햇살 가득 눈부시게 비쳐오고\r\n서늘한 냉기에 재채기할까 말까 음', '2021-10-02 17:59:45.075533', 5, 1296),
	(1386, '82 눈물이 차올라서 고갤 들어\r\n흐르지 못하게 또 살짝 웃어\r\n내게 왜 이러는지? 무슨 말을 하는지?\r\n오늘 했던 모든 말 저 하늘 위로\r\n한번도 못했던 말\r\n울면서 할 줄은 나 몰랐던 말\r\n나는요 오빠가 좋은걸 (휴)\r\n어떡해?\r\n이런 나를 보고 그런 슬픈 말은 하지 말아요 (하지 말아요)\r\n철없는 건지, 조금 둔한 건지, 믿을 수가 없는걸요\r\n눈물은 나오는데 활짝 웃어\r\n네 앞을 막고서 막 크게 웃어\r\n내가 왜 이러는지? 부끄럼도 없는지?\r\n자존심은 곱게 접어 하늘위로\r\n한 번도 못했던 말\r\n어쩌면 다신 못할 바로 그 말\r\n나는요 오빠가 좋은걸 (아이쿠, 하나, 둘)', '2021-10-02 18:00:45.097538', 6, 1296),
	(1387, '83 눈물이 차올라서 고갤 들어\r\n흐르지 못하게 또 살짝 웃어\r\n내게 왜 이러는지? 무슨 말을 하는지?\r\n오늘 했던 모든 말 저 하늘 위로\r\n한번도 못했던 말\r\n울면서 할 줄은 나 몰랐던 말\r\n나는요 오빠가 좋은걸 (휴)\r\n어떡해?\r\n이런 나를 보고 그런 슬픈 말은 하지 말아요 (하지 말아요)\r\n철없는 건지, 조금 둔한 건지, 믿을 수가 없는걸요\r\n눈물은 나오는데 활짝 웃어\r\n네 앞을 막고서 막 크게 웃어\r\n내가 왜 이러는지? 부끄럼도 없는지?\r\n자존심은 곱게 접어 하늘위로\r\n한 번도 못했던 말\r\n어쩌면 다신 못할 바로 그 말\r\n나는요 오빠가 좋은걸 (아이쿠, 하나, 둘)', '2021-10-02 18:01:45.113541', 7, 1296),
	(1388, '84 눈물이 차올라서 고갤 들어\r\n흐르지 못하게 또 살짝 웃어\r\n내게 왜 이러는지? 무슨 말을 하는지?\r\n오늘 했던 모든 말 저 하늘 위로\r\n한번도 못했던 말\r\n울면서 할 줄은 나 몰랐던 말\r\n나는요 오빠가 좋은걸 (휴)\r\n어떡해?\r\n이런 나를 보고 그런 슬픈 말은 하지 말아요 (하지 말아요)\r\n철없는 건지, 조금 둔한 건지, 믿을 수가 없는걸요\r\n눈물은 나오는데 활짝 웃어\r\n네 앞을 막고서 막 크게 웃어\r\n내가 왜 이러는지? 부끄럼도 없는지?\r\n자존심은 곱게 접어 하늘위로\r\n한 번도 못했던 말\r\n어쩌면 다신 못할 바로 그 말\r\n나는요 오빠가 좋은걸 (아이쿠, 하나, 둘)', '2021-10-02 18:02:45.134546', 8, 1296),
	(1389, '85 서로를 닮아 기울어진 삶\r\n\r\n소원을 담아 차오르는 달', '2021-10-02 18:03:45.150550', 9, 1296),
	(1390, '86 이른 아침 작은 새들 노랫소리 들려오면\r\n언제나 그랬듯 아쉽게 잠을 깬다\r\n창문 하나 햇살 가득 눈부시게 비쳐오고\r\n서늘한 냉기에 재채기할까 말까 음', '2021-10-02 18:04:45.170555', 10, 1296),
	(1391, '87 눈물이 차올라서 고갤 들어\r\n흐르지 못하게 또 살짝 웃어\r\n내게 왜 이러는지? 무슨 말을 하는지?\r\n오늘 했던 모든 말 저 하늘 위로\r\n한번도 못했던 말\r\n울면서 할 줄은 나 몰랐던 말\r\n나는요 오빠가 좋은걸 (휴)\r\n어떡해?\r\n이런 나를 보고 그런 슬픈 말은 하지 말아요 (하지 말아요)\r\n철없는 건지, 조금 둔한 건지, 믿을 수가 없는걸요\r\n눈물은 나오는데 활짝 웃어\r\n네 앞을 막고서 막 크게 웃어\r\n내가 왜 이러는지? 부끄럼도 없는지?\r\n자존심은 곱게 접어 하늘위로\r\n한 번도 못했던 말\r\n어쩌면 다신 못할 바로 그 말\r\n나는요 오빠가 좋은걸 (아이쿠, 하나, 둘)', '2021-10-02 18:05:45.186559', 11, 1296),
	(1392, '88 눈물이 차올라서 고갤 들어\r\n흐르지 못하게 또 살짝 웃어\r\n내게 왜 이러는지? 무슨 말을 하는지?\r\n오늘 했던 모든 말 저 하늘 위로\r\n한번도 못했던 말\r\n울면서 할 줄은 나 몰랐던 말\r\n나는요 오빠가 좋은걸 (휴)\r\n어떡해?\r\n이런 나를 보고 그런 슬픈 말은 하지 말아요 (하지 말아요)\r\n철없는 건지, 조금 둔한 건지, 믿을 수가 없는걸요\r\n눈물은 나오는데 활짝 웃어\r\n네 앞을 막고서 막 크게 웃어\r\n내가 왜 이러는지? 부끄럼도 없는지?\r\n자존심은 곱게 접어 하늘위로\r\n한 번도 못했던 말\r\n어쩌면 다신 못할 바로 그 말\r\n나는요 오빠가 좋은걸 (아이쿠, 하나, 둘)', '2021-10-02 18:06:45.207563', 12, 1296),
	(1393, '89 이른 아침 작은 새들 노랫소리 들려오면\r\n언제나 그랬듯 아쉽게 잠을 깬다\r\n창문 하나 햇살 가득 눈부시게 비쳐오고\r\n서늘한 냉기에 재채기할까 말까 음', '2021-10-02 18:07:45.223566', 13, 1296),
	(1394, '90 서로를 닮아 기울어진 삶\r\n\r\n소원을 담아 차오르는 달', '2021-10-02 18:08:45.243571', 14, 1296),
	(1395, '91 서로를 닮아 기울어진 삶\r\n\r\n소원을 담아 차오르는 달', '2021-10-02 18:09:45.259574', 15, 1296),
	(1396, '92 이른 아침 작은 새들 노랫소리 들려오면\r\n언제나 그랬듯 아쉽게 잠을 깬다\r\n창문 하나 햇살 가득 눈부시게 비쳐오고\r\n서늘한 냉기에 재채기할까 말까 음', '2021-10-02 18:10:45.280579', 16, 1296),
	(1397, '93 눈물이 차올라서 고갤 들어\r\n흐르지 못하게 또 살짝 웃어\r\n내게 왜 이러는지? 무슨 말을 하는지?\r\n오늘 했던 모든 말 저 하늘 위로\r\n한번도 못했던 말\r\n울면서 할 줄은 나 몰랐던 말\r\n나는요 오빠가 좋은걸 (휴)\r\n어떡해?\r\n이런 나를 보고 그런 슬픈 말은 하지 말아요 (하지 말아요)\r\n철없는 건지, 조금 둔한 건지, 믿을 수가 없는걸요\r\n눈물은 나오는데 활짝 웃어\r\n네 앞을 막고서 막 크게 웃어\r\n내가 왜 이러는지? 부끄럼도 없는지?\r\n자존심은 곱게 접어 하늘위로\r\n한 번도 못했던 말\r\n어쩌면 다신 못할 바로 그 말\r\n나는요 오빠가 좋은걸 (아이쿠, 하나, 둘)', '2021-10-02 18:11:45.296583', 17, 1296),
	(1398, '94 이른 아침 작은 새들 노랫소리 들려오면\r\n언제나 그랬듯 아쉽게 잠을 깬다\r\n창문 하나 햇살 가득 눈부시게 비쳐오고\r\n서늘한 냉기에 재채기할까 말까 음', '2021-10-02 18:12:45.316588', 18, 1296),
	(1399, '95 이른 아침 작은 새들 노랫소리 들려오면\r\n언제나 그랬듯 아쉽게 잠을 깬다\r\n창문 하나 햇살 가득 눈부시게 비쳐오고\r\n서늘한 냉기에 재채기할까 말까 음', '2021-10-02 18:13:45.332591', 19, 1296),
	(1400, '96 이른 아침 작은 새들 노랫소리 들려오면\r\n언제나 그랬듯 아쉽게 잠을 깬다\r\n창문 하나 햇살 가득 눈부시게 비쳐오고\r\n서늘한 냉기에 재채기할까 말까 음', '2021-10-02 18:14:45.353596', 20, 1296),
	(1401, '97 이른 아침 작은 새들 노랫소리 들려오면\r\n언제나 그랬듯 아쉽게 잠을 깬다\r\n창문 하나 햇살 가득 눈부시게 비쳐오고\r\n서늘한 냉기에 재채기할까 말까 음', '2021-10-02 18:15:45.369600', 21, 1296),
	(1402, '98 눈물이 차올라서 고갤 들어\r\n흐르지 못하게 또 살짝 웃어\r\n내게 왜 이러는지? 무슨 말을 하는지?\r\n오늘 했던 모든 말 저 하늘 위로\r\n한번도 못했던 말\r\n울면서 할 줄은 나 몰랐던 말\r\n나는요 오빠가 좋은걸 (휴)\r\n어떡해?\r\n이런 나를 보고 그런 슬픈 말은 하지 말아요 (하지 말아요)\r\n철없는 건지, 조금 둔한 건지, 믿을 수가 없는걸요\r\n눈물은 나오는데 활짝 웃어\r\n네 앞을 막고서 막 크게 웃어\r\n내가 왜 이러는지? 부끄럼도 없는지?\r\n자존심은 곱게 접어 하늘위로\r\n한 번도 못했던 말\r\n어쩌면 다신 못할 바로 그 말\r\n나는요 오빠가 좋은걸 (아이쿠, 하나, 둘)', '2021-10-02 18:16:45.389605', 22, 1296),
	(1403, '99 이른 아침 작은 새들 노랫소리 들려오면\r\n언제나 그랬듯 아쉽게 잠을 깬다\r\n창문 하나 햇살 가득 눈부시게 비쳐오고\r\n서늘한 냉기에 재채기할까 말까 음', '2021-10-02 18:17:45.420611', 23, 1296),
	(1404, '100 이른 아침 작은 새들 노랫소리 들려오면\r\n언제나 그랬듯 아쉽게 잠을 깬다\r\n창문 하나 햇살 가득 눈부시게 비쳐오고\r\n서늘한 냉기에 재채기할까 말까 음', '2021-10-02 18:18:45.427612', 24, 1296),
	(1405, '101 눈물이 차올라서 고갤 들어\r\n흐르지 못하게 또 살짝 웃어\r\n내게 왜 이러는지? 무슨 말을 하는지?\r\n오늘 했던 모든 말 저 하늘 위로\r\n한번도 못했던 말\r\n울면서 할 줄은 나 몰랐던 말\r\n나는요 오빠가 좋은걸 (휴)\r\n어떡해?\r\n이런 나를 보고 그런 슬픈 말은 하지 말아요 (하지 말아요)\r\n철없는 건지, 조금 둔한 건지, 믿을 수가 없는걸요\r\n눈물은 나오는데 활짝 웃어\r\n네 앞을 막고서 막 크게 웃어\r\n내가 왜 이러는지? 부끄럼도 없는지?\r\n자존심은 곱게 접어 하늘위로\r\n한 번도 못했던 말\r\n어쩌면 다신 못할 바로 그 말\r\n나는요 오빠가 좋은걸 (아이쿠, 하나, 둘)', '2021-10-02 18:19:45.442616', 5, 1297),
	(1406, '102 서로를 닮아 기울어진 삶\r\n\r\n소원을 담아 차오르는 달', '2021-10-02 18:20:45.462620', 6, 1297),
	(1407, '103 눈물이 차올라서 고갤 들어\r\n흐르지 못하게 또 살짝 웃어\r\n내게 왜 이러는지? 무슨 말을 하는지?\r\n오늘 했던 모든 말 저 하늘 위로\r\n한번도 못했던 말\r\n울면서 할 줄은 나 몰랐던 말\r\n나는요 오빠가 좋은걸 (휴)\r\n어떡해?\r\n이런 나를 보고 그런 슬픈 말은 하지 말아요 (하지 말아요)\r\n철없는 건지, 조금 둔한 건지, 믿을 수가 없는걸요\r\n눈물은 나오는데 활짝 웃어\r\n네 앞을 막고서 막 크게 웃어\r\n내가 왜 이러는지? 부끄럼도 없는지?\r\n자존심은 곱게 접어 하늘위로\r\n한 번도 못했던 말\r\n어쩌면 다신 못할 바로 그 말\r\n나는요 오빠가 좋은걸 (아이쿠, 하나, 둘)', '2021-10-02 18:21:45.478624', 7, 1297),
	(1408, '104 눈물이 차올라서 고갤 들어\r\n흐르지 못하게 또 살짝 웃어\r\n내게 왜 이러는지? 무슨 말을 하는지?\r\n오늘 했던 모든 말 저 하늘 위로\r\n한번도 못했던 말\r\n울면서 할 줄은 나 몰랐던 말\r\n나는요 오빠가 좋은걸 (휴)\r\n어떡해?\r\n이런 나를 보고 그런 슬픈 말은 하지 말아요 (하지 말아요)\r\n철없는 건지, 조금 둔한 건지, 믿을 수가 없는걸요\r\n눈물은 나오는데 활짝 웃어\r\n네 앞을 막고서 막 크게 웃어\r\n내가 왜 이러는지? 부끄럼도 없는지?\r\n자존심은 곱게 접어 하늘위로\r\n한 번도 못했던 말\r\n어쩌면 다신 못할 바로 그 말\r\n나는요 오빠가 좋은걸 (아이쿠, 하나, 둘)', '2021-10-02 18:22:45.499629', 8, 1297),
	(1409, '105 이른 아침 작은 새들 노랫소리 들려오면\r\n언제나 그랬듯 아쉽게 잠을 깬다\r\n창문 하나 햇살 가득 눈부시게 비쳐오고\r\n서늘한 냉기에 재채기할까 말까 음', '2021-10-02 18:23:45.515632', 9, 1297),
	(1410, '106 눈물이 차올라서 고갤 들어\r\n흐르지 못하게 또 살짝 웃어\r\n내게 왜 이러는지? 무슨 말을 하는지?\r\n오늘 했던 모든 말 저 하늘 위로\r\n한번도 못했던 말\r\n울면서 할 줄은 나 몰랐던 말\r\n나는요 오빠가 좋은걸 (휴)\r\n어떡해?\r\n이런 나를 보고 그런 슬픈 말은 하지 말아요 (하지 말아요)\r\n철없는 건지, 조금 둔한 건지, 믿을 수가 없는걸요\r\n눈물은 나오는데 활짝 웃어\r\n네 앞을 막고서 막 크게 웃어\r\n내가 왜 이러는지? 부끄럼도 없는지?\r\n자존심은 곱게 접어 하늘위로\r\n한 번도 못했던 말\r\n어쩌면 다신 못할 바로 그 말\r\n나는요 오빠가 좋은걸 (아이쿠, 하나, 둘)', '2021-10-02 18:24:45.535637', 10, 1297),
	(1411, '107 이른 아침 작은 새들 노랫소리 들려오면\r\n언제나 그랬듯 아쉽게 잠을 깬다\r\n창문 하나 햇살 가득 눈부시게 비쳐오고\r\n서늘한 냉기에 재채기할까 말까 음', '2021-10-02 18:25:45.551641', 11, 1297),
	(1412, '108 서로를 닮아 기울어진 삶\r\n\r\n소원을 담아 차오르는 달', '2021-10-02 18:26:45.571646', 12, 1297),
	(1413, '109 눈물이 차올라서 고갤 들어\r\n흐르지 못하게 또 살짝 웃어\r\n내게 왜 이러는지? 무슨 말을 하는지?\r\n오늘 했던 모든 말 저 하늘 위로\r\n한번도 못했던 말\r\n울면서 할 줄은 나 몰랐던 말\r\n나는요 오빠가 좋은걸 (휴)\r\n어떡해?\r\n이런 나를 보고 그런 슬픈 말은 하지 말아요 (하지 말아요)\r\n철없는 건지, 조금 둔한 건지, 믿을 수가 없는걸요\r\n눈물은 나오는데 활짝 웃어\r\n네 앞을 막고서 막 크게 웃어\r\n내가 왜 이러는지? 부끄럼도 없는지?\r\n자존심은 곱게 접어 하늘위로\r\n한 번도 못했던 말\r\n어쩌면 다신 못할 바로 그 말\r\n나는요 오빠가 좋은걸 (아이쿠, 하나, 둘)', '2021-10-02 18:27:45.587649', 13, 1297),
	(1414, '110 눈물이 차올라서 고갤 들어\r\n흐르지 못하게 또 살짝 웃어\r\n내게 왜 이러는지? 무슨 말을 하는지?\r\n오늘 했던 모든 말 저 하늘 위로\r\n한번도 못했던 말\r\n울면서 할 줄은 나 몰랐던 말\r\n나는요 오빠가 좋은걸 (휴)\r\n어떡해?\r\n이런 나를 보고 그런 슬픈 말은 하지 말아요 (하지 말아요)\r\n철없는 건지, 조금 둔한 건지, 믿을 수가 없는걸요\r\n눈물은 나오는데 활짝 웃어\r\n네 앞을 막고서 막 크게 웃어\r\n내가 왜 이러는지? 부끄럼도 없는지?\r\n자존심은 곱게 접어 하늘위로\r\n한 번도 못했던 말\r\n어쩌면 다신 못할 바로 그 말\r\n나는요 오빠가 좋은걸 (아이쿠, 하나, 둘)', '2021-10-02 18:28:45.608654', 14, 1297),
	(1415, '111 눈물이 차올라서 고갤 들어\r\n흐르지 못하게 또 살짝 웃어\r\n내게 왜 이러는지? 무슨 말을 하는지?\r\n오늘 했던 모든 말 저 하늘 위로\r\n한번도 못했던 말\r\n울면서 할 줄은 나 몰랐던 말\r\n나는요 오빠가 좋은걸 (휴)\r\n어떡해?\r\n이런 나를 보고 그런 슬픈 말은 하지 말아요 (하지 말아요)\r\n철없는 건지, 조금 둔한 건지, 믿을 수가 없는걸요\r\n눈물은 나오는데 활짝 웃어\r\n네 앞을 막고서 막 크게 웃어\r\n내가 왜 이러는지? 부끄럼도 없는지?\r\n자존심은 곱게 접어 하늘위로\r\n한 번도 못했던 말\r\n어쩌면 다신 못할 바로 그 말\r\n나는요 오빠가 좋은걸 (아이쿠, 하나, 둘)', '2021-10-02 18:29:45.630659', 15, 1297),
	(1416, '112 이른 아침 작은 새들 노랫소리 들려오면\r\n언제나 그랬듯 아쉽게 잠을 깬다\r\n창문 하나 햇살 가득 눈부시게 비쳐오고\r\n서늘한 냉기에 재채기할까 말까 음', '2021-10-02 18:30:45.644662', 16, 1297),
	(1417, '113 이른 아침 작은 새들 노랫소리 들려오면\r\n언제나 그랬듯 아쉽게 잠을 깬다\r\n창문 하나 햇살 가득 눈부시게 비쳐오고\r\n서늘한 냉기에 재채기할까 말까 음', '2021-10-02 18:31:45.661666', 17, 1297),
	(1418, '114 이른 아침 작은 새들 노랫소리 들려오면\r\n언제나 그랬듯 아쉽게 잠을 깬다\r\n창문 하나 햇살 가득 눈부시게 비쳐오고\r\n서늘한 냉기에 재채기할까 말까 음', '2021-10-02 18:32:45.681671', 18, 1297),
	(1419, '115 이른 아침 작은 새들 노랫소리 들려오면\r\n언제나 그랬듯 아쉽게 잠을 깬다\r\n창문 하나 햇살 가득 눈부시게 비쳐오고\r\n서늘한 냉기에 재채기할까 말까 음', '2021-10-02 18:33:45.697673', 19, 1297),
	(1420, '116 이른 아침 작은 새들 노랫소리 들려오면\r\n언제나 그랬듯 아쉽게 잠을 깬다\r\n창문 하나 햇살 가득 눈부시게 비쳐오고\r\n서늘한 냉기에 재채기할까 말까 음', '2021-10-02 18:34:45.723680', 20, 1297),
	(1421, '117 이른 아침 작은 새들 노랫소리 들려오면\r\n언제나 그랬듯 아쉽게 잠을 깬다\r\n창문 하나 햇살 가득 눈부시게 비쳐오고\r\n서늘한 냉기에 재채기할까 말까 음', '2021-10-02 18:35:45.733683', 21, 1297),
	(1422, '118 이른 아침 작은 새들 노랫소리 들려오면\r\n언제나 그랬듯 아쉽게 잠을 깬다\r\n창문 하나 햇살 가득 눈부시게 비쳐오고\r\n서늘한 냉기에 재채기할까 말까 음', '2021-10-02 18:36:45.754687', 22, 1297),
	(1423, '119 이른 아침 작은 새들 노랫소리 들려오면\r\n언제나 그랬듯 아쉽게 잠을 깬다\r\n창문 하나 햇살 가득 눈부시게 비쳐오고\r\n서늘한 냉기에 재채기할까 말까 음', '2021-10-02 18:37:45.770690', 23, 1297),
	(1424, '120 서로를 닮아 기울어진 삶\r\n\r\n소원을 담아 차오르는 달', '2021-10-02 18:38:45.790695', 24, 1297),
	(1425, '121 서로를 닮아 기울어진 삶\r\n\r\n소원을 담아 차오르는 달', '2021-10-02 18:39:45.806698', 5, 1298),
	(1426, '122 이른 아침 작은 새들 노랫소리 들려오면\r\n언제나 그랬듯 아쉽게 잠을 깬다\r\n창문 하나 햇살 가득 눈부시게 비쳐오고\r\n서늘한 냉기에 재채기할까 말까 음', '2021-10-02 18:40:45.840706', 6, 1298),
	(1427, '123 눈물이 차올라서 고갤 들어\r\n흐르지 못하게 또 살짝 웃어\r\n내게 왜 이러는지? 무슨 말을 하는지?\r\n오늘 했던 모든 말 저 하늘 위로\r\n한번도 못했던 말\r\n울면서 할 줄은 나 몰랐던 말\r\n나는요 오빠가 좋은걸 (휴)\r\n어떡해?\r\n이런 나를 보고 그런 슬픈 말은 하지 말아요 (하지 말아요)\r\n철없는 건지, 조금 둔한 건지, 믿을 수가 없는걸요\r\n눈물은 나오는데 활짝 웃어\r\n네 앞을 막고서 막 크게 웃어\r\n내가 왜 이러는지? 부끄럼도 없는지?\r\n자존심은 곱게 접어 하늘위로\r\n한 번도 못했던 말\r\n어쩌면 다신 못할 바로 그 말\r\n나는요 오빠가 좋은걸 (아이쿠, 하나, 둘)', '2021-10-02 18:41:45.863711', 7, 1298),
	(1428, '124 눈물이 차올라서 고갤 들어\r\n흐르지 못하게 또 살짝 웃어\r\n내게 왜 이러는지? 무슨 말을 하는지?\r\n오늘 했던 모든 말 저 하늘 위로\r\n한번도 못했던 말\r\n울면서 할 줄은 나 몰랐던 말\r\n나는요 오빠가 좋은걸 (휴)\r\n어떡해?\r\n이런 나를 보고 그런 슬픈 말은 하지 말아요 (하지 말아요)\r\n철없는 건지, 조금 둔한 건지, 믿을 수가 없는걸요\r\n눈물은 나오는데 활짝 웃어\r\n네 앞을 막고서 막 크게 웃어\r\n내가 왜 이러는지? 부끄럼도 없는지?\r\n자존심은 곱게 접어 하늘위로\r\n한 번도 못했던 말\r\n어쩌면 다신 못할 바로 그 말\r\n나는요 오빠가 좋은걸 (아이쿠, 하나, 둘)', '2021-10-02 18:42:45.879715', 8, 1298),
	(1429, '125 서로를 닮아 기울어진 삶\r\n\r\n소원을 담아 차오르는 달', '2021-10-02 18:43:45.900719', 9, 1298),
	(1430, '126 눈물이 차올라서 고갤 들어\r\n흐르지 못하게 또 살짝 웃어\r\n내게 왜 이러는지? 무슨 말을 하는지?\r\n오늘 했던 모든 말 저 하늘 위로\r\n한번도 못했던 말\r\n울면서 할 줄은 나 몰랐던 말\r\n나는요 오빠가 좋은걸 (휴)\r\n어떡해?\r\n이런 나를 보고 그런 슬픈 말은 하지 말아요 (하지 말아요)\r\n철없는 건지, 조금 둔한 건지, 믿을 수가 없는걸요\r\n눈물은 나오는데 활짝 웃어\r\n네 앞을 막고서 막 크게 웃어\r\n내가 왜 이러는지? 부끄럼도 없는지?\r\n자존심은 곱게 접어 하늘위로\r\n한 번도 못했던 말\r\n어쩌면 다신 못할 바로 그 말\r\n나는요 오빠가 좋은걸 (아이쿠, 하나, 둘)', '2021-10-02 18:44:45.916723', 10, 1298),
	(1431, '127 눈물이 차올라서 고갤 들어\r\n흐르지 못하게 또 살짝 웃어\r\n내게 왜 이러는지? 무슨 말을 하는지?\r\n오늘 했던 모든 말 저 하늘 위로\r\n한번도 못했던 말\r\n울면서 할 줄은 나 몰랐던 말\r\n나는요 오빠가 좋은걸 (휴)\r\n어떡해?\r\n이런 나를 보고 그런 슬픈 말은 하지 말아요 (하지 말아요)\r\n철없는 건지, 조금 둔한 건지, 믿을 수가 없는걸요\r\n눈물은 나오는데 활짝 웃어\r\n네 앞을 막고서 막 크게 웃어\r\n내가 왜 이러는지? 부끄럼도 없는지?\r\n자존심은 곱게 접어 하늘위로\r\n한 번도 못했던 말\r\n어쩌면 다신 못할 바로 그 말\r\n나는요 오빠가 좋은걸 (아이쿠, 하나, 둘)', '2021-10-02 18:45:45.945729', 11, 1298),
	(1432, '128 눈물이 차올라서 고갤 들어\r\n흐르지 못하게 또 살짝 웃어\r\n내게 왜 이러는지? 무슨 말을 하는지?\r\n오늘 했던 모든 말 저 하늘 위로\r\n한번도 못했던 말\r\n울면서 할 줄은 나 몰랐던 말\r\n나는요 오빠가 좋은걸 (휴)\r\n어떡해?\r\n이런 나를 보고 그런 슬픈 말은 하지 말아요 (하지 말아요)\r\n철없는 건지, 조금 둔한 건지, 믿을 수가 없는걸요\r\n눈물은 나오는데 활짝 웃어\r\n네 앞을 막고서 막 크게 웃어\r\n내가 왜 이러는지? 부끄럼도 없는지?\r\n자존심은 곱게 접어 하늘위로\r\n한 번도 못했던 말\r\n어쩌면 다신 못할 바로 그 말\r\n나는요 오빠가 좋은걸 (아이쿠, 하나, 둘)', '2021-10-02 18:46:45.955732', 12, 1298),
	(1433, '129 서로를 닮아 기울어진 삶\r\n\r\n소원을 담아 차오르는 달', '2021-10-02 18:47:45.972736', 13, 1298),
	(1434, '130 눈물이 차올라서 고갤 들어\r\n흐르지 못하게 또 살짝 웃어\r\n내게 왜 이러는지? 무슨 말을 하는지?\r\n오늘 했던 모든 말 저 하늘 위로\r\n한번도 못했던 말\r\n울면서 할 줄은 나 몰랐던 말\r\n나는요 오빠가 좋은걸 (휴)\r\n어떡해?\r\n이런 나를 보고 그런 슬픈 말은 하지 말아요 (하지 말아요)\r\n철없는 건지, 조금 둔한 건지, 믿을 수가 없는걸요\r\n눈물은 나오는데 활짝 웃어\r\n네 앞을 막고서 막 크게 웃어\r\n내가 왜 이러는지? 부끄럼도 없는지?\r\n자존심은 곱게 접어 하늘위로\r\n한 번도 못했던 말\r\n어쩌면 다신 못할 바로 그 말\r\n나는요 오빠가 좋은걸 (아이쿠, 하나, 둘)', '2021-10-02 18:48:45.989740', 14, 1298),
	(1435, '131 서로를 닮아 기울어진 삶\r\n\r\n소원을 담아 차오르는 달', '2021-10-02 18:49:46.009744', 15, 1298),
	(1436, '132 이른 아침 작은 새들 노랫소리 들려오면\r\n언제나 그랬듯 아쉽게 잠을 깬다\r\n창문 하나 햇살 가득 눈부시게 비쳐오고\r\n서늘한 냉기에 재채기할까 말까 음', '2021-10-02 18:50:46.025748', 16, 1298),
	(1437, '133 이른 아침 작은 새들 노랫소리 들려오면\r\n언제나 그랬듯 아쉽게 잠을 깬다\r\n창문 하나 햇살 가득 눈부시게 비쳐오고\r\n서늘한 냉기에 재채기할까 말까 음', '2021-10-02 18:51:46.045753', 17, 1298),
	(1438, '134 눈물이 차올라서 고갤 들어\r\n흐르지 못하게 또 살짝 웃어\r\n내게 왜 이러는지? 무슨 말을 하는지?\r\n오늘 했던 모든 말 저 하늘 위로\r\n한번도 못했던 말\r\n울면서 할 줄은 나 몰랐던 말\r\n나는요 오빠가 좋은걸 (휴)\r\n어떡해?\r\n이런 나를 보고 그런 슬픈 말은 하지 말아요 (하지 말아요)\r\n철없는 건지, 조금 둔한 건지, 믿을 수가 없는걸요\r\n눈물은 나오는데 활짝 웃어\r\n네 앞을 막고서 막 크게 웃어\r\n내가 왜 이러는지? 부끄럼도 없는지?\r\n자존심은 곱게 접어 하늘위로\r\n한 번도 못했던 말\r\n어쩌면 다신 못할 바로 그 말\r\n나는요 오빠가 좋은걸 (아이쿠, 하나, 둘)', '2021-10-02 18:52:46.061756', 18, 1298),
	(1439, '135 이른 아침 작은 새들 노랫소리 들려오면\r\n언제나 그랬듯 아쉽게 잠을 깬다\r\n창문 하나 햇살 가득 눈부시게 비쳐오고\r\n서늘한 냉기에 재채기할까 말까 음', '2021-10-02 18:53:46.082761', 19, 1298),
	(1440, '136 서로를 닮아 기울어진 삶\r\n\r\n소원을 담아 차오르는 달', '2021-10-02 18:54:46.098764', 20, 1298),
	(1441, '137 서로를 닮아 기울어진 삶\r\n\r\n소원을 담아 차오르는 달', '2021-10-02 18:55:46.118768', 21, 1298),
	(1442, '138 눈물이 차올라서 고갤 들어\r\n흐르지 못하게 또 살짝 웃어\r\n내게 왜 이러는지? 무슨 말을 하는지?\r\n오늘 했던 모든 말 저 하늘 위로\r\n한번도 못했던 말\r\n울면서 할 줄은 나 몰랐던 말\r\n나는요 오빠가 좋은걸 (휴)\r\n어떡해?\r\n이런 나를 보고 그런 슬픈 말은 하지 말아요 (하지 말아요)\r\n철없는 건지, 조금 둔한 건지, 믿을 수가 없는걸요\r\n눈물은 나오는데 활짝 웃어\r\n네 앞을 막고서 막 크게 웃어\r\n내가 왜 이러는지? 부끄럼도 없는지?\r\n자존심은 곱게 접어 하늘위로\r\n한 번도 못했던 말\r\n어쩌면 다신 못할 바로 그 말\r\n나는요 오빠가 좋은걸 (아이쿠, 하나, 둘)', '2021-10-02 18:56:46.135772', 22, 1298),
	(1443, '139 서로를 닮아 기울어진 삶\r\n\r\n소원을 담아 차오르는 달', '2021-10-02 18:57:46.155776', 23, 1298),
	(1444, '140 눈물이 차올라서 고갤 들어\r\n흐르지 못하게 또 살짝 웃어\r\n내게 왜 이러는지? 무슨 말을 하는지?\r\n오늘 했던 모든 말 저 하늘 위로\r\n한번도 못했던 말\r\n울면서 할 줄은 나 몰랐던 말\r\n나는요 오빠가 좋은걸 (휴)\r\n어떡해?\r\n이런 나를 보고 그런 슬픈 말은 하지 말아요 (하지 말아요)\r\n철없는 건지, 조금 둔한 건지, 믿을 수가 없는걸요\r\n눈물은 나오는데 활짝 웃어\r\n네 앞을 막고서 막 크게 웃어\r\n내가 왜 이러는지? 부끄럼도 없는지?\r\n자존심은 곱게 접어 하늘위로\r\n한 번도 못했던 말\r\n어쩌면 다신 못할 바로 그 말\r\n나는요 오빠가 좋은걸 (아이쿠, 하나, 둘)', '2021-10-02 18:58:46.179783', 24, 1298),
	(1445, '141 이른 아침 작은 새들 노랫소리 들려오면\r\n언제나 그랬듯 아쉽게 잠을 깬다\r\n창문 하나 햇살 가득 눈부시게 비쳐오고\r\n서늘한 냉기에 재채기할까 말까 음', '2021-10-02 18:59:46.191785', 5, 1299),
	(1446, '142 눈물이 차올라서 고갤 들어\r\n흐르지 못하게 또 살짝 웃어\r\n내게 왜 이러는지? 무슨 말을 하는지?\r\n오늘 했던 모든 말 저 하늘 위로\r\n한번도 못했던 말\r\n울면서 할 줄은 나 몰랐던 말\r\n나는요 오빠가 좋은걸 (휴)\r\n어떡해?\r\n이런 나를 보고 그런 슬픈 말은 하지 말아요 (하지 말아요)\r\n철없는 건지, 조금 둔한 건지, 믿을 수가 없는걸요\r\n눈물은 나오는데 활짝 웃어\r\n네 앞을 막고서 막 크게 웃어\r\n내가 왜 이러는지? 부끄럼도 없는지?\r\n자존심은 곱게 접어 하늘위로\r\n한 번도 못했던 말\r\n어쩌면 다신 못할 바로 그 말\r\n나는요 오빠가 좋은걸 (아이쿠, 하나, 둘)', '2021-10-02 19:00:46.207789', 6, 1299),
	(1447, '143 서로를 닮아 기울어진 삶\r\n\r\n소원을 담아 차오르는 달', '2021-10-02 19:01:46.228794', 7, 1299),
	(1448, '144 서로를 닮아 기울어진 삶\r\n\r\n소원을 담아 차오르는 달', '2021-10-02 19:02:46.234795', 8, 1299),
	(1449, '145 서로를 닮아 기울어진 삶\r\n\r\n소원을 담아 차오르는 달', '2021-10-02 19:03:46.260801', 9, 1299),
	(1450, '146 눈물이 차올라서 고갤 들어\r\n흐르지 못하게 또 살짝 웃어\r\n내게 왜 이러는지? 무슨 말을 하는지?\r\n오늘 했던 모든 말 저 하늘 위로\r\n한번도 못했던 말\r\n울면서 할 줄은 나 몰랐던 말\r\n나는요 오빠가 좋은걸 (휴)\r\n어떡해?\r\n이런 나를 보고 그런 슬픈 말은 하지 말아요 (하지 말아요)\r\n철없는 건지, 조금 둔한 건지, 믿을 수가 없는걸요\r\n눈물은 나오는데 활짝 웃어\r\n네 앞을 막고서 막 크게 웃어\r\n내가 왜 이러는지? 부끄럼도 없는지?\r\n자존심은 곱게 접어 하늘위로\r\n한 번도 못했던 말\r\n어쩌면 다신 못할 바로 그 말\r\n나는요 오빠가 좋은걸 (아이쿠, 하나, 둘)', '2021-10-02 19:04:46.276805', 10, 1299),
	(1451, '147 눈물이 차올라서 고갤 들어\r\n흐르지 못하게 또 살짝 웃어\r\n내게 왜 이러는지? 무슨 말을 하는지?\r\n오늘 했던 모든 말 저 하늘 위로\r\n한번도 못했던 말\r\n울면서 할 줄은 나 몰랐던 말\r\n나는요 오빠가 좋은걸 (휴)\r\n어떡해?\r\n이런 나를 보고 그런 슬픈 말은 하지 말아요 (하지 말아요)\r\n철없는 건지, 조금 둔한 건지, 믿을 수가 없는걸요\r\n눈물은 나오는데 활짝 웃어\r\n네 앞을 막고서 막 크게 웃어\r\n내가 왜 이러는지? 부끄럼도 없는지?\r\n자존심은 곱게 접어 하늘위로\r\n한 번도 못했던 말\r\n어쩌면 다신 못할 바로 그 말\r\n나는요 오빠가 좋은걸 (아이쿠, 하나, 둘)', '2021-10-02 19:05:46.297809', 11, 1299),
	(1452, '148 눈물이 차올라서 고갤 들어\r\n흐르지 못하게 또 살짝 웃어\r\n내게 왜 이러는지? 무슨 말을 하는지?\r\n오늘 했던 모든 말 저 하늘 위로\r\n한번도 못했던 말\r\n울면서 할 줄은 나 몰랐던 말\r\n나는요 오빠가 좋은걸 (휴)\r\n어떡해?\r\n이런 나를 보고 그런 슬픈 말은 하지 말아요 (하지 말아요)\r\n철없는 건지, 조금 둔한 건지, 믿을 수가 없는걸요\r\n눈물은 나오는데 활짝 웃어\r\n네 앞을 막고서 막 크게 웃어\r\n내가 왜 이러는지? 부끄럼도 없는지?\r\n자존심은 곱게 접어 하늘위로\r\n한 번도 못했던 말\r\n어쩌면 다신 못할 바로 그 말\r\n나는요 오빠가 좋은걸 (아이쿠, 하나, 둘)', '2021-10-02 19:06:46.313813', 12, 1299),
	(1453, '149 이른 아침 작은 새들 노랫소리 들려오면\r\n언제나 그랬듯 아쉽게 잠을 깬다\r\n창문 하나 햇살 가득 눈부시게 비쳐오고\r\n서늘한 냉기에 재채기할까 말까 음', '2021-10-02 19:07:46.333818', 13, 1299),
	(1454, '150 이른 아침 작은 새들 노랫소리 들려오면\r\n언제나 그랬듯 아쉽게 잠을 깬다\r\n창문 하나 햇살 가득 눈부시게 비쳐오고\r\n서늘한 냉기에 재채기할까 말까 음', '2021-10-02 19:08:46.349821', 14, 1299),
	(1455, '151 눈물이 차올라서 고갤 들어\r\n흐르지 못하게 또 살짝 웃어\r\n내게 왜 이러는지? 무슨 말을 하는지?\r\n오늘 했던 모든 말 저 하늘 위로\r\n한번도 못했던 말\r\n울면서 할 줄은 나 몰랐던 말\r\n나는요 오빠가 좋은걸 (휴)\r\n어떡해?\r\n이런 나를 보고 그런 슬픈 말은 하지 말아요 (하지 말아요)\r\n철없는 건지, 조금 둔한 건지, 믿을 수가 없는걸요\r\n눈물은 나오는데 활짝 웃어\r\n네 앞을 막고서 막 크게 웃어\r\n내가 왜 이러는지? 부끄럼도 없는지?\r\n자존심은 곱게 접어 하늘위로\r\n한 번도 못했던 말\r\n어쩌면 다신 못할 바로 그 말\r\n나는요 오빠가 좋은걸 (아이쿠, 하나, 둘)', '2021-10-02 19:09:46.370826', 15, 1299),
	(1456, '152 서로를 닮아 기울어진 삶\r\n\r\n소원을 담아 차오르는 달', '2021-10-02 19:10:46.386830', 16, 1299),
	(1457, '153 눈물이 차올라서 고갤 들어\r\n흐르지 못하게 또 살짝 웃어\r\n내게 왜 이러는지? 무슨 말을 하는지?\r\n오늘 했던 모든 말 저 하늘 위로\r\n한번도 못했던 말\r\n울면서 할 줄은 나 몰랐던 말\r\n나는요 오빠가 좋은걸 (휴)\r\n어떡해?\r\n이런 나를 보고 그런 슬픈 말은 하지 말아요 (하지 말아요)\r\n철없는 건지, 조금 둔한 건지, 믿을 수가 없는걸요\r\n눈물은 나오는데 활짝 웃어\r\n네 앞을 막고서 막 크게 웃어\r\n내가 왜 이러는지? 부끄럼도 없는지?\r\n자존심은 곱게 접어 하늘위로\r\n한 번도 못했던 말\r\n어쩌면 다신 못할 바로 그 말\r\n나는요 오빠가 좋은걸 (아이쿠, 하나, 둘)', '2021-10-02 19:11:46.406834', 17, 1299),
	(1458, '154 눈물이 차올라서 고갤 들어\r\n흐르지 못하게 또 살짝 웃어\r\n내게 왜 이러는지? 무슨 말을 하는지?\r\n오늘 했던 모든 말 저 하늘 위로\r\n한번도 못했던 말\r\n울면서 할 줄은 나 몰랐던 말\r\n나는요 오빠가 좋은걸 (휴)\r\n어떡해?\r\n이런 나를 보고 그런 슬픈 말은 하지 말아요 (하지 말아요)\r\n철없는 건지, 조금 둔한 건지, 믿을 수가 없는걸요\r\n눈물은 나오는데 활짝 웃어\r\n네 앞을 막고서 막 크게 웃어\r\n내가 왜 이러는지? 부끄럼도 없는지?\r\n자존심은 곱게 접어 하늘위로\r\n한 번도 못했던 말\r\n어쩌면 다신 못할 바로 그 말\r\n나는요 오빠가 좋은걸 (아이쿠, 하나, 둘)', '2021-10-02 19:12:46.422838', 18, 1299),
	(1459, '155 눈물이 차올라서 고갤 들어\r\n흐르지 못하게 또 살짝 웃어\r\n내게 왜 이러는지? 무슨 말을 하는지?\r\n오늘 했던 모든 말 저 하늘 위로\r\n한번도 못했던 말\r\n울면서 할 줄은 나 몰랐던 말\r\n나는요 오빠가 좋은걸 (휴)\r\n어떡해?\r\n이런 나를 보고 그런 슬픈 말은 하지 말아요 (하지 말아요)\r\n철없는 건지, 조금 둔한 건지, 믿을 수가 없는걸요\r\n눈물은 나오는데 활짝 웃어\r\n네 앞을 막고서 막 크게 웃어\r\n내가 왜 이러는지? 부끄럼도 없는지?\r\n자존심은 곱게 접어 하늘위로\r\n한 번도 못했던 말\r\n어쩌면 다신 못할 바로 그 말\r\n나는요 오빠가 좋은걸 (아이쿠, 하나, 둘)', '2021-10-02 19:13:46.443843', 19, 1299),
	(1460, '156 이른 아침 작은 새들 노랫소리 들려오면\r\n언제나 그랬듯 아쉽게 잠을 깬다\r\n창문 하나 햇살 가득 눈부시게 비쳐오고\r\n서늘한 냉기에 재채기할까 말까 음', '2021-10-02 19:14:46.459846', 20, 1299),
	(1461, '157 이른 아침 작은 새들 노랫소리 들려오면\r\n언제나 그랬듯 아쉽게 잠을 깬다\r\n창문 하나 햇살 가득 눈부시게 비쳐오고\r\n서늘한 냉기에 재채기할까 말까 음', '2021-10-02 19:15:46.479851', 21, 1299),
	(1462, '158 이른 아침 작은 새들 노랫소리 들려오면\r\n언제나 그랬듯 아쉽게 잠을 깬다\r\n창문 하나 햇살 가득 눈부시게 비쳐오고\r\n서늘한 냉기에 재채기할까 말까 음', '2021-10-02 19:16:46.495854', 22, 1299),
	(1463, '159 이른 아침 작은 새들 노랫소리 들려오면\r\n언제나 그랬듯 아쉽게 잠을 깬다\r\n창문 하나 햇살 가득 눈부시게 비쳐오고\r\n서늘한 냉기에 재채기할까 말까 음', '2021-10-02 19:17:46.507857', 23, 1299),
	(1464, '160 이른 아침 작은 새들 노랫소리 들려오면\r\n언제나 그랬듯 아쉽게 잠을 깬다\r\n창문 하나 햇살 가득 눈부시게 비쳐오고\r\n서늘한 냉기에 재채기할까 말까 음', '2021-10-02 19:18:46.524861', 24, 1299),
	(1465, '161 서로를 닮아 기울어진 삶\r\n\r\n소원을 담아 차오르는 달', '2021-10-02 19:19:46.544865', 5, 1300),
	(1466, '162 서로를 닮아 기울어진 삶\r\n\r\n소원을 담아 차오르는 달', '2021-10-02 19:20:46.560869', 6, 1300),
	(1467, '163 눈물이 차올라서 고갤 들어\r\n흐르지 못하게 또 살짝 웃어\r\n내게 왜 이러는지? 무슨 말을 하는지?\r\n오늘 했던 모든 말 저 하늘 위로\r\n한번도 못했던 말\r\n울면서 할 줄은 나 몰랐던 말\r\n나는요 오빠가 좋은걸 (휴)\r\n어떡해?\r\n이런 나를 보고 그런 슬픈 말은 하지 말아요 (하지 말아요)\r\n철없는 건지, 조금 둔한 건지, 믿을 수가 없는걸요\r\n눈물은 나오는데 활짝 웃어\r\n네 앞을 막고서 막 크게 웃어\r\n내가 왜 이러는지? 부끄럼도 없는지?\r\n자존심은 곱게 접어 하늘위로\r\n한 번도 못했던 말\r\n어쩌면 다신 못할 바로 그 말\r\n나는요 오빠가 좋은걸 (아이쿠, 하나, 둘)', '2021-10-02 19:21:46.581873', 7, 1300),
	(1468, '164 이른 아침 작은 새들 노랫소리 들려오면\r\n언제나 그랬듯 아쉽게 잠을 깬다\r\n창문 하나 햇살 가득 눈부시게 비쳐오고\r\n서늘한 냉기에 재채기할까 말까 음', '2021-10-02 19:22:46.597877', 8, 1300),
	(1469, '165 이른 아침 작은 새들 노랫소리 들려오면\r\n언제나 그랬듯 아쉽게 잠을 깬다\r\n창문 하나 햇살 가득 눈부시게 비쳐오고\r\n서늘한 냉기에 재채기할까 말까 음', '2021-10-02 19:23:46.617881', 9, 1300),
	(1470, '166 눈물이 차올라서 고갤 들어\r\n흐르지 못하게 또 살짝 웃어\r\n내게 왜 이러는지? 무슨 말을 하는지?\r\n오늘 했던 모든 말 저 하늘 위로\r\n한번도 못했던 말\r\n울면서 할 줄은 나 몰랐던 말\r\n나는요 오빠가 좋은걸 (휴)\r\n어떡해?\r\n이런 나를 보고 그런 슬픈 말은 하지 말아요 (하지 말아요)\r\n철없는 건지, 조금 둔한 건지, 믿을 수가 없는걸요\r\n눈물은 나오는데 활짝 웃어\r\n네 앞을 막고서 막 크게 웃어\r\n내가 왜 이러는지? 부끄럼도 없는지?\r\n자존심은 곱게 접어 하늘위로\r\n한 번도 못했던 말\r\n어쩌면 다신 못할 바로 그 말\r\n나는요 오빠가 좋은걸 (아이쿠, 하나, 둘)', '2021-10-02 19:24:46.635886', 10, 1300),
	(1471, '167 이른 아침 작은 새들 노랫소리 들려오면\r\n언제나 그랬듯 아쉽게 잠을 깬다\r\n창문 하나 햇살 가득 눈부시게 비쳐오고\r\n서늘한 냉기에 재채기할까 말까 음', '2021-10-02 19:25:46.654891', 11, 1300),
	(1472, '168 눈물이 차올라서 고갤 들어\r\n흐르지 못하게 또 살짝 웃어\r\n내게 왜 이러는지? 무슨 말을 하는지?\r\n오늘 했던 모든 말 저 하늘 위로\r\n한번도 못했던 말\r\n울면서 할 줄은 나 몰랐던 말\r\n나는요 오빠가 좋은걸 (휴)\r\n어떡해?\r\n이런 나를 보고 그런 슬픈 말은 하지 말아요 (하지 말아요)\r\n철없는 건지, 조금 둔한 건지, 믿을 수가 없는걸요\r\n눈물은 나오는데 활짝 웃어\r\n네 앞을 막고서 막 크게 웃어\r\n내가 왜 이러는지? 부끄럼도 없는지?\r\n자존심은 곱게 접어 하늘위로\r\n한 번도 못했던 말\r\n어쩌면 다신 못할 바로 그 말\r\n나는요 오빠가 좋은걸 (아이쿠, 하나, 둘)', '2021-10-02 19:26:46.669894', 12, 1300),
	(1473, '169 이른 아침 작은 새들 노랫소리 들려오면\r\n언제나 그랬듯 아쉽게 잠을 깬다\r\n창문 하나 햇살 가득 눈부시게 비쳐오고\r\n서늘한 냉기에 재채기할까 말까 음', '2021-10-02 19:27:46.690898', 13, 1300),
	(1474, '170 서로를 닮아 기울어진 삶\r\n\r\n소원을 담아 차오르는 달', '2021-10-02 19:28:46.706902', 14, 1300),
	(1475, '171 이른 아침 작은 새들 노랫소리 들려오면\r\n언제나 그랬듯 아쉽게 잠을 깬다\r\n창문 하나 햇살 가득 눈부시게 비쳐오고\r\n서늘한 냉기에 재채기할까 말까 음', '2021-10-02 19:29:46.726907', 15, 1300),
	(1476, '172 눈물이 차올라서 고갤 들어\r\n흐르지 못하게 또 살짝 웃어\r\n내게 왜 이러는지? 무슨 말을 하는지?\r\n오늘 했던 모든 말 저 하늘 위로\r\n한번도 못했던 말\r\n울면서 할 줄은 나 몰랐던 말\r\n나는요 오빠가 좋은걸 (휴)\r\n어떡해?\r\n이런 나를 보고 그런 슬픈 말은 하지 말아요 (하지 말아요)\r\n철없는 건지, 조금 둔한 건지, 믿을 수가 없는걸요\r\n눈물은 나오는데 활짝 웃어\r\n네 앞을 막고서 막 크게 웃어\r\n내가 왜 이러는지? 부끄럼도 없는지?\r\n자존심은 곱게 접어 하늘위로\r\n한 번도 못했던 말\r\n어쩌면 다신 못할 바로 그 말\r\n나는요 오빠가 좋은걸 (아이쿠, 하나, 둘)', '2021-10-02 19:30:46.742910', 16, 1300),
	(1477, '173 이른 아침 작은 새들 노랫소리 들려오면\r\n언제나 그랬듯 아쉽게 잠을 깬다\r\n창문 하나 햇살 가득 눈부시게 비쳐오고\r\n서늘한 냉기에 재채기할까 말까 음', '2021-10-02 19:31:46.763915', 17, 1300),
	(1478, '174 이른 아침 작은 새들 노랫소리 들려오면\r\n언제나 그랬듯 아쉽게 잠을 깬다\r\n창문 하나 햇살 가득 눈부시게 비쳐오고\r\n서늘한 냉기에 재채기할까 말까 음', '2021-10-02 19:32:46.779919', 18, 1300),
	(1479, '175 이른 아침 작은 새들 노랫소리 들려오면\r\n언제나 그랬듯 아쉽게 잠을 깬다\r\n창문 하나 햇살 가득 눈부시게 비쳐오고\r\n서늘한 냉기에 재채기할까 말까 음', '2021-10-02 19:33:46.800923', 19, 1300),
	(1480, '176 눈물이 차올라서 고갤 들어\r\n흐르지 못하게 또 살짝 웃어\r\n내게 왜 이러는지? 무슨 말을 하는지?\r\n오늘 했던 모든 말 저 하늘 위로\r\n한번도 못했던 말\r\n울면서 할 줄은 나 몰랐던 말\r\n나는요 오빠가 좋은걸 (휴)\r\n어떡해?\r\n이런 나를 보고 그런 슬픈 말은 하지 말아요 (하지 말아요)\r\n철없는 건지, 조금 둔한 건지, 믿을 수가 없는걸요\r\n눈물은 나오는데 활짝 웃어\r\n네 앞을 막고서 막 크게 웃어\r\n내가 왜 이러는지? 부끄럼도 없는지?\r\n자존심은 곱게 접어 하늘위로\r\n한 번도 못했던 말\r\n어쩌면 다신 못할 바로 그 말\r\n나는요 오빠가 좋은걸 (아이쿠, 하나, 둘)', '2021-10-02 19:34:46.815926', 20, 1300),
	(1481, '177 서로를 닮아 기울어진 삶\r\n\r\n소원을 담아 차오르는 달', '2021-10-02 19:35:46.845933', 21, 1300),
	(1482, '178 눈물이 차올라서 고갤 들어\r\n흐르지 못하게 또 살짝 웃어\r\n내게 왜 이러는지? 무슨 말을 하는지?\r\n오늘 했던 모든 말 저 하늘 위로\r\n한번도 못했던 말\r\n울면서 할 줄은 나 몰랐던 말\r\n나는요 오빠가 좋은걸 (휴)\r\n어떡해?\r\n이런 나를 보고 그런 슬픈 말은 하지 말아요 (하지 말아요)\r\n철없는 건지, 조금 둔한 건지, 믿을 수가 없는걸요\r\n눈물은 나오는데 활짝 웃어\r\n네 앞을 막고서 막 크게 웃어\r\n내가 왜 이러는지? 부끄럼도 없는지?\r\n자존심은 곱게 접어 하늘위로\r\n한 번도 못했던 말\r\n어쩌면 다신 못할 바로 그 말\r\n나는요 오빠가 좋은걸 (아이쿠, 하나, 둘)', '2021-10-02 19:36:46.855935', 22, 1300),
	(1483, '179 눈물이 차올라서 고갤 들어\r\n흐르지 못하게 또 살짝 웃어\r\n내게 왜 이러는지? 무슨 말을 하는지?\r\n오늘 했던 모든 말 저 하늘 위로\r\n한번도 못했던 말\r\n울면서 할 줄은 나 몰랐던 말\r\n나는요 오빠가 좋은걸 (휴)\r\n어떡해?\r\n이런 나를 보고 그런 슬픈 말은 하지 말아요 (하지 말아요)\r\n철없는 건지, 조금 둔한 건지, 믿을 수가 없는걸요\r\n눈물은 나오는데 활짝 웃어\r\n네 앞을 막고서 막 크게 웃어\r\n내가 왜 이러는지? 부끄럼도 없는지?\r\n자존심은 곱게 접어 하늘위로\r\n한 번도 못했던 말\r\n어쩌면 다신 못할 바로 그 말\r\n나는요 오빠가 좋은걸 (아이쿠, 하나, 둘)', '2021-10-02 19:37:46.872939', 23, 1300),
	(1484, '180 서로를 닮아 기울어진 삶\r\n\r\n소원을 담아 차오르는 달', '2021-10-02 19:38:46.888943', 24, 1300),
	(1485, '181 서로를 닮아 기울어진 삶\r\n\r\n소원을 담아 차오르는 달', '2021-10-02 19:39:46.909948', 5, 1301),
	(1486, '182 눈물이 차올라서 고갤 들어\r\n흐르지 못하게 또 살짝 웃어\r\n내게 왜 이러는지? 무슨 말을 하는지?\r\n오늘 했던 모든 말 저 하늘 위로\r\n한번도 못했던 말\r\n울면서 할 줄은 나 몰랐던 말\r\n나는요 오빠가 좋은걸 (휴)\r\n어떡해?\r\n이런 나를 보고 그런 슬픈 말은 하지 말아요 (하지 말아요)\r\n철없는 건지, 조금 둔한 건지, 믿을 수가 없는걸요\r\n눈물은 나오는데 활짝 웃어\r\n네 앞을 막고서 막 크게 웃어\r\n내가 왜 이러는지? 부끄럼도 없는지?\r\n자존심은 곱게 접어 하늘위로\r\n한 번도 못했던 말\r\n어쩌면 다신 못할 바로 그 말\r\n나는요 오빠가 좋은걸 (아이쿠, 하나, 둘)', '2021-10-02 19:40:46.925952', 6, 1301),
	(1487, '183 서로를 닮아 기울어진 삶\r\n\r\n소원을 담아 차오르는 달', '2021-10-02 19:41:46.945956', 7, 1301),
	(1488, '184 눈물이 차올라서 고갤 들어\r\n흐르지 못하게 또 살짝 웃어\r\n내게 왜 이러는지? 무슨 말을 하는지?\r\n오늘 했던 모든 말 저 하늘 위로\r\n한번도 못했던 말\r\n울면서 할 줄은 나 몰랐던 말\r\n나는요 오빠가 좋은걸 (휴)\r\n어떡해?\r\n이런 나를 보고 그런 슬픈 말은 하지 말아요 (하지 말아요)\r\n철없는 건지, 조금 둔한 건지, 믿을 수가 없는걸요\r\n눈물은 나오는데 활짝 웃어\r\n네 앞을 막고서 막 크게 웃어\r\n내가 왜 이러는지? 부끄럼도 없는지?\r\n자존심은 곱게 접어 하늘위로\r\n한 번도 못했던 말\r\n어쩌면 다신 못할 바로 그 말\r\n나는요 오빠가 좋은걸 (아이쿠, 하나, 둘)', '2021-10-02 19:42:46.961959', 8, 1301),
	(1489, '185 눈물이 차올라서 고갤 들어\r\n흐르지 못하게 또 살짝 웃어\r\n내게 왜 이러는지? 무슨 말을 하는지?\r\n오늘 했던 모든 말 저 하늘 위로\r\n한번도 못했던 말\r\n울면서 할 줄은 나 몰랐던 말\r\n나는요 오빠가 좋은걸 (휴)\r\n어떡해?\r\n이런 나를 보고 그런 슬픈 말은 하지 말아요 (하지 말아요)\r\n철없는 건지, 조금 둔한 건지, 믿을 수가 없는걸요\r\n눈물은 나오는데 활짝 웃어\r\n네 앞을 막고서 막 크게 웃어\r\n내가 왜 이러는지? 부끄럼도 없는지?\r\n자존심은 곱게 접어 하늘위로\r\n한 번도 못했던 말\r\n어쩌면 다신 못할 바로 그 말\r\n나는요 오빠가 좋은걸 (아이쿠, 하나, 둘)', '2021-10-02 19:43:46.981964', 9, 1301),
	(1490, '186 서로를 닮아 기울어진 삶\r\n\r\n소원을 담아 차오르는 달', '2021-10-02 19:44:46.998968', 10, 1301),
	(1491, '187 서로를 닮아 기울어진 삶\r\n\r\n소원을 담아 차오르는 달', '2021-10-02 19:45:47.025975', 11, 1301),
	(1492, '188 눈물이 차올라서 고갤 들어\r\n흐르지 못하게 또 살짝 웃어\r\n내게 왜 이러는지? 무슨 말을 하는지?\r\n오늘 했던 모든 말 저 하늘 위로\r\n한번도 못했던 말\r\n울면서 할 줄은 나 몰랐던 말\r\n나는요 오빠가 좋은걸 (휴)\r\n어떡해?\r\n이런 나를 보고 그런 슬픈 말은 하지 말아요 (하지 말아요)\r\n철없는 건지, 조금 둔한 건지, 믿을 수가 없는걸요\r\n눈물은 나오는데 활짝 웃어\r\n네 앞을 막고서 막 크게 웃어\r\n내가 왜 이러는지? 부끄럼도 없는지?\r\n자존심은 곱게 접어 하늘위로\r\n한 번도 못했던 말\r\n어쩌면 다신 못할 바로 그 말\r\n나는요 오빠가 좋은걸 (아이쿠, 하나, 둘)', '2021-10-02 19:46:47.034976', 12, 1301),
	(1493, '189 눈물이 차올라서 고갤 들어\r\n흐르지 못하게 또 살짝 웃어\r\n내게 왜 이러는지? 무슨 말을 하는지?\r\n오늘 했던 모든 말 저 하늘 위로\r\n한번도 못했던 말\r\n울면서 할 줄은 나 몰랐던 말\r\n나는요 오빠가 좋은걸 (휴)\r\n어떡해?\r\n이런 나를 보고 그런 슬픈 말은 하지 말아요 (하지 말아요)\r\n철없는 건지, 조금 둔한 건지, 믿을 수가 없는걸요\r\n눈물은 나오는데 활짝 웃어\r\n네 앞을 막고서 막 크게 웃어\r\n내가 왜 이러는지? 부끄럼도 없는지?\r\n자존심은 곱게 접어 하늘위로\r\n한 번도 못했던 말\r\n어쩌면 다신 못할 바로 그 말\r\n나는요 오빠가 좋은걸 (아이쿠, 하나, 둘)', '2021-10-02 19:47:47.054980', 13, 1301),
	(1494, '190 이른 아침 작은 새들 노랫소리 들려오면\r\n언제나 그랬듯 아쉽게 잠을 깬다\r\n창문 하나 햇살 가득 눈부시게 비쳐오고\r\n서늘한 냉기에 재채기할까 말까 음', '2021-10-02 19:48:47.070984', 14, 1301),
	(1495, '191 눈물이 차올라서 고갤 들어\r\n흐르지 못하게 또 살짝 웃어\r\n내게 왜 이러는지? 무슨 말을 하는지?\r\n오늘 했던 모든 말 저 하늘 위로\r\n한번도 못했던 말\r\n울면서 할 줄은 나 몰랐던 말\r\n나는요 오빠가 좋은걸 (휴)\r\n어떡해?\r\n이런 나를 보고 그런 슬픈 말은 하지 말아요 (하지 말아요)\r\n철없는 건지, 조금 둔한 건지, 믿을 수가 없는걸요\r\n눈물은 나오는데 활짝 웃어\r\n네 앞을 막고서 막 크게 웃어\r\n내가 왜 이러는지? 부끄럼도 없는지?\r\n자존심은 곱게 접어 하늘위로\r\n한 번도 못했던 말\r\n어쩌면 다신 못할 바로 그 말\r\n나는요 오빠가 좋은걸 (아이쿠, 하나, 둘)', '2021-10-02 19:49:47.107994', 15, 1301),
	(1496, '192 서로를 닮아 기울어진 삶\r\n\r\n소원을 담아 차오르는 달', '2021-10-02 19:50:47.165006', 16, 1301),
	(1497, '193 서로를 닮아 기울어진 삶\r\n\r\n소원을 담아 차오르는 달', '2021-10-02 19:51:47.181009', 17, 1301),
	(1498, '194 눈물이 차올라서 고갤 들어\r\n흐르지 못하게 또 살짝 웃어\r\n내게 왜 이러는지? 무슨 말을 하는지?\r\n오늘 했던 모든 말 저 하늘 위로\r\n한번도 못했던 말\r\n울면서 할 줄은 나 몰랐던 말\r\n나는요 오빠가 좋은걸 (휴)\r\n어떡해?\r\n이런 나를 보고 그런 슬픈 말은 하지 말아요 (하지 말아요)\r\n철없는 건지, 조금 둔한 건지, 믿을 수가 없는걸요\r\n눈물은 나오는데 활짝 웃어\r\n네 앞을 막고서 막 크게 웃어\r\n내가 왜 이러는지? 부끄럼도 없는지?\r\n자존심은 곱게 접어 하늘위로\r\n한 번도 못했던 말\r\n어쩌면 다신 못할 바로 그 말\r\n나는요 오빠가 좋은걸 (아이쿠, 하나, 둘)', '2021-10-02 19:52:47.204015', 18, 1301),
	(1499, '195 이른 아침 작은 새들 노랫소리 들려오면\r\n언제나 그랬듯 아쉽게 잠을 깬다\r\n창문 하나 햇살 가득 눈부시게 비쳐오고\r\n서늘한 냉기에 재채기할까 말까 음', '2021-10-02 19:53:47.218018', 19, 1301),
	(1500, '196 눈물이 차올라서 고갤 들어\r\n흐르지 못하게 또 살짝 웃어\r\n내게 왜 이러는지? 무슨 말을 하는지?\r\n오늘 했던 모든 말 저 하늘 위로\r\n한번도 못했던 말\r\n울면서 할 줄은 나 몰랐던 말\r\n나는요 오빠가 좋은걸 (휴)\r\n어떡해?\r\n이런 나를 보고 그런 슬픈 말은 하지 말아요 (하지 말아요)\r\n철없는 건지, 조금 둔한 건지, 믿을 수가 없는걸요\r\n눈물은 나오는데 활짝 웃어\r\n네 앞을 막고서 막 크게 웃어\r\n내가 왜 이러는지? 부끄럼도 없는지?\r\n자존심은 곱게 접어 하늘위로\r\n한 번도 못했던 말\r\n어쩌면 다신 못할 바로 그 말\r\n나는요 오빠가 좋은걸 (아이쿠, 하나, 둘)', '2021-10-02 19:54:47.254025', 20, 1301),
	(1501, '197 이른 아침 작은 새들 노랫소리 들려오면\r\n언제나 그랬듯 아쉽게 잠을 깬다\r\n창문 하나 햇살 가득 눈부시게 비쳐오고\r\n서늘한 냉기에 재채기할까 말까 음', '2021-10-02 19:55:47.274030', 21, 1301),
	(1502, '198 눈물이 차올라서 고갤 들어\r\n흐르지 못하게 또 살짝 웃어\r\n내게 왜 이러는지? 무슨 말을 하는지?\r\n오늘 했던 모든 말 저 하늘 위로\r\n한번도 못했던 말\r\n울면서 할 줄은 나 몰랐던 말\r\n나는요 오빠가 좋은걸 (휴)\r\n어떡해?\r\n이런 나를 보고 그런 슬픈 말은 하지 말아요 (하지 말아요)\r\n철없는 건지, 조금 둔한 건지, 믿을 수가 없는걸요\r\n눈물은 나오는데 활짝 웃어\r\n네 앞을 막고서 막 크게 웃어\r\n내가 왜 이러는지? 부끄럼도 없는지?\r\n자존심은 곱게 접어 하늘위로\r\n한 번도 못했던 말\r\n어쩌면 다신 못할 바로 그 말\r\n나는요 오빠가 좋은걸 (아이쿠, 하나, 둘)', '2021-10-02 19:56:47.290034', 22, 1301),
	(1503, '199 서로를 닮아 기울어진 삶\r\n\r\n소원을 담아 차오르는 달', '2021-10-02 19:57:47.311039', 23, 1301),
	(1504, '200 서로를 닮아 기울어진 삶\r\n\r\n소원을 담아 차오르는 달', '2021-10-02 19:58:47.336044', 24, 1301),
	(1505, '201 서로를 닮아 기울어진 삶\r\n\r\n소원을 담아 차오르는 달', '2021-10-02 19:59:47.347047', 5, 1302),
	(1506, '202 이른 아침 작은 새들 노랫소리 들려오면\r\n언제나 그랬듯 아쉽게 잠을 깬다\r\n창문 하나 햇살 가득 눈부시게 비쳐오고\r\n서늘한 냉기에 재채기할까 말까 음', '2021-10-02 20:00:47.363050', 6, 1302),
	(1507, '203 이른 아침 작은 새들 노랫소리 들려오면\r\n언제나 그랬듯 아쉽게 잠을 깬다\r\n창문 하나 햇살 가득 눈부시게 비쳐오고\r\n서늘한 냉기에 재채기할까 말까 음', '2021-10-02 20:01:47.384056', 7, 1302),
	(1508, '204 눈물이 차올라서 고갤 들어\r\n흐르지 못하게 또 살짝 웃어\r\n내게 왜 이러는지? 무슨 말을 하는지?\r\n오늘 했던 모든 말 저 하늘 위로\r\n한번도 못했던 말\r\n울면서 할 줄은 나 몰랐던 말\r\n나는요 오빠가 좋은걸 (휴)\r\n어떡해?\r\n이런 나를 보고 그런 슬픈 말은 하지 말아요 (하지 말아요)\r\n철없는 건지, 조금 둔한 건지, 믿을 수가 없는걸요\r\n눈물은 나오는데 활짝 웃어\r\n네 앞을 막고서 막 크게 웃어\r\n내가 왜 이러는지? 부끄럼도 없는지?\r\n자존심은 곱게 접어 하늘위로\r\n한 번도 못했던 말\r\n어쩌면 다신 못할 바로 그 말\r\n나는요 오빠가 좋은걸 (아이쿠, 하나, 둘)', '2021-10-02 20:02:47.400059', 8, 1302),
	(1509, '205 이른 아침 작은 새들 노랫소리 들려오면\r\n언제나 그랬듯 아쉽게 잠을 깬다\r\n창문 하나 햇살 가득 눈부시게 비쳐오고\r\n서늘한 냉기에 재채기할까 말까 음', '2021-10-02 20:03:47.420063', 9, 1302),
	(1510, '206 이른 아침 작은 새들 노랫소리 들려오면\r\n언제나 그랬듯 아쉽게 잠을 깬다\r\n창문 하나 햇살 가득 눈부시게 비쳐오고\r\n서늘한 냉기에 재채기할까 말까 음', '2021-10-02 20:04:47.436066', 10, 1302),
	(1511, '207 이른 아침 작은 새들 노랫소리 들려오면\r\n언제나 그랬듯 아쉽게 잠을 깬다\r\n창문 하나 햇살 가득 눈부시게 비쳐오고\r\n서늘한 냉기에 재채기할까 말까 음', '2021-10-02 20:05:47.461072', 11, 1302),
	(1512, '208 이른 아침 작은 새들 노랫소리 들려오면\r\n언제나 그랬듯 아쉽게 잠을 깬다\r\n창문 하나 햇살 가득 눈부시게 비쳐오고\r\n서늘한 냉기에 재채기할까 말까 음', '2021-10-02 20:06:47.473075', 12, 1302),
	(1513, '209 이른 아침 작은 새들 노랫소리 들려오면\r\n언제나 그랬듯 아쉽게 잠을 깬다\r\n창문 하나 햇살 가득 눈부시게 비쳐오고\r\n서늘한 냉기에 재채기할까 말까 음', '2021-10-02 20:07:47.493080', 13, 1302),
	(1514, '210 서로를 닮아 기울어진 삶\r\n\r\n소원을 담아 차오르는 달', '2021-10-02 20:08:47.509084', 14, 1302),
	(1515, '211 눈물이 차올라서 고갤 들어\r\n흐르지 못하게 또 살짝 웃어\r\n내게 왜 이러는지? 무슨 말을 하는지?\r\n오늘 했던 모든 말 저 하늘 위로\r\n한번도 못했던 말\r\n울면서 할 줄은 나 몰랐던 말\r\n나는요 오빠가 좋은걸 (휴)\r\n어떡해?\r\n이런 나를 보고 그런 슬픈 말은 하지 말아요 (하지 말아요)\r\n철없는 건지, 조금 둔한 건지, 믿을 수가 없는걸요\r\n눈물은 나오는데 활짝 웃어\r\n네 앞을 막고서 막 크게 웃어\r\n내가 왜 이러는지? 부끄럼도 없는지?\r\n자존심은 곱게 접어 하늘위로\r\n한 번도 못했던 말\r\n어쩌면 다신 못할 바로 그 말\r\n나는요 오빠가 좋은걸 (아이쿠, 하나, 둘)', '2021-10-02 20:09:47.536089', 15, 1302),
	(1516, '212 눈물이 차올라서 고갤 들어\r\n흐르지 못하게 또 살짝 웃어\r\n내게 왜 이러는지? 무슨 말을 하는지?\r\n오늘 했던 모든 말 저 하늘 위로\r\n한번도 못했던 말\r\n울면서 할 줄은 나 몰랐던 말\r\n나는요 오빠가 좋은걸 (휴)\r\n어떡해?\r\n이런 나를 보고 그런 슬픈 말은 하지 말아요 (하지 말아요)\r\n철없는 건지, 조금 둔한 건지, 믿을 수가 없는걸요\r\n눈물은 나오는데 활짝 웃어\r\n네 앞을 막고서 막 크게 웃어\r\n내가 왜 이러는지? 부끄럼도 없는지?\r\n자존심은 곱게 접어 하늘위로\r\n한 번도 못했던 말\r\n어쩌면 다신 못할 바로 그 말\r\n나는요 오빠가 좋은걸 (아이쿠, 하나, 둘)', '2021-10-02 20:10:47.562096', 16, 1302),
	(1517, '213 서로를 닮아 기울어진 삶\r\n\r\n소원을 담아 차오르는 달', '2021-10-02 20:11:47.578099', 17, 1302),
	(1518, '214 눈물이 차올라서 고갤 들어\r\n흐르지 못하게 또 살짝 웃어\r\n내게 왜 이러는지? 무슨 말을 하는지?\r\n오늘 했던 모든 말 저 하늘 위로\r\n한번도 못했던 말\r\n울면서 할 줄은 나 몰랐던 말\r\n나는요 오빠가 좋은걸 (휴)\r\n어떡해?\r\n이런 나를 보고 그런 슬픈 말은 하지 말아요 (하지 말아요)\r\n철없는 건지, 조금 둔한 건지, 믿을 수가 없는걸요\r\n눈물은 나오는데 활짝 웃어\r\n네 앞을 막고서 막 크게 웃어\r\n내가 왜 이러는지? 부끄럼도 없는지?\r\n자존심은 곱게 접어 하늘위로\r\n한 번도 못했던 말\r\n어쩌면 다신 못할 바로 그 말\r\n나는요 오빠가 좋은걸 (아이쿠, 하나, 둘)', '2021-10-02 20:12:47.598103', 18, 1302),
	(1519, '215 이른 아침 작은 새들 노랫소리 들려오면\r\n언제나 그랬듯 아쉽게 잠을 깬다\r\n창문 하나 햇살 가득 눈부시게 비쳐오고\r\n서늘한 냉기에 재채기할까 말까 음', '2021-10-02 20:13:47.615107', 19, 1302),
	(1520, '216 눈물이 차올라서 고갤 들어\r\n흐르지 못하게 또 살짝 웃어\r\n내게 왜 이러는지? 무슨 말을 하는지?\r\n오늘 했던 모든 말 저 하늘 위로\r\n한번도 못했던 말\r\n울면서 할 줄은 나 몰랐던 말\r\n나는요 오빠가 좋은걸 (휴)\r\n어떡해?\r\n이런 나를 보고 그런 슬픈 말은 하지 말아요 (하지 말아요)\r\n철없는 건지, 조금 둔한 건지, 믿을 수가 없는걸요\r\n눈물은 나오는데 활짝 웃어\r\n네 앞을 막고서 막 크게 웃어\r\n내가 왜 이러는지? 부끄럼도 없는지?\r\n자존심은 곱게 접어 하늘위로\r\n한 번도 못했던 말\r\n어쩌면 다신 못할 바로 그 말\r\n나는요 오빠가 좋은걸 (아이쿠, 하나, 둘)', '2021-10-02 20:14:47.635111', 20, 1302),
	(1521, '217 눈물이 차올라서 고갤 들어\r\n흐르지 못하게 또 살짝 웃어\r\n내게 왜 이러는지? 무슨 말을 하는지?\r\n오늘 했던 모든 말 저 하늘 위로\r\n한번도 못했던 말\r\n울면서 할 줄은 나 몰랐던 말\r\n나는요 오빠가 좋은걸 (휴)\r\n어떡해?\r\n이런 나를 보고 그런 슬픈 말은 하지 말아요 (하지 말아요)\r\n철없는 건지, 조금 둔한 건지, 믿을 수가 없는걸요\r\n눈물은 나오는데 활짝 웃어\r\n네 앞을 막고서 막 크게 웃어\r\n내가 왜 이러는지? 부끄럼도 없는지?\r\n자존심은 곱게 접어 하늘위로\r\n한 번도 못했던 말\r\n어쩌면 다신 못할 바로 그 말\r\n나는요 오빠가 좋은걸 (아이쿠, 하나, 둘)', '2021-10-02 20:15:47.651116', 21, 1302),
	(1522, '218 서로를 닮아 기울어진 삶\r\n\r\n소원을 담아 차오르는 달', '2021-10-02 20:16:47.671120', 22, 1302),
	(1523, '219 이른 아침 작은 새들 노랫소리 들려오면\r\n언제나 그랬듯 아쉽게 잠을 깬다\r\n창문 하나 햇살 가득 눈부시게 비쳐오고\r\n서늘한 냉기에 재채기할까 말까 음', '2021-10-02 20:17:47.687124', 23, 1302),
	(1524, '220 이른 아침 작은 새들 노랫소리 들려오면\r\n언제나 그랬듯 아쉽게 잠을 깬다\r\n창문 하나 햇살 가득 눈부시게 비쳐오고\r\n서늘한 냉기에 재채기할까 말까 음', '2021-10-02 20:18:47.708129', 24, 1302),
	(1525, '221 이른 아침 작은 새들 노랫소리 들려오면\r\n언제나 그랬듯 아쉽게 잠을 깬다\r\n창문 하나 햇살 가득 눈부시게 비쳐오고\r\n서늘한 냉기에 재채기할까 말까 음', '2021-10-02 20:19:47.731134', 5, 1303),
	(1526, '222 눈물이 차올라서 고갤 들어\r\n흐르지 못하게 또 살짝 웃어\r\n내게 왜 이러는지? 무슨 말을 하는지?\r\n오늘 했던 모든 말 저 하늘 위로\r\n한번도 못했던 말\r\n울면서 할 줄은 나 몰랐던 말\r\n나는요 오빠가 좋은걸 (휴)\r\n어떡해?\r\n이런 나를 보고 그런 슬픈 말은 하지 말아요 (하지 말아요)\r\n철없는 건지, 조금 둔한 건지, 믿을 수가 없는걸요\r\n눈물은 나오는데 활짝 웃어\r\n네 앞을 막고서 막 크게 웃어\r\n내가 왜 이러는지? 부끄럼도 없는지?\r\n자존심은 곱게 접어 하늘위로\r\n한 번도 못했던 말\r\n어쩌면 다신 못할 바로 그 말\r\n나는요 오빠가 좋은걸 (아이쿠, 하나, 둘)', '2021-10-02 20:20:47.744136', 6, 1303),
	(1527, '223 눈물이 차올라서 고갤 들어\r\n흐르지 못하게 또 살짝 웃어\r\n내게 왜 이러는지? 무슨 말을 하는지?\r\n오늘 했던 모든 말 저 하늘 위로\r\n한번도 못했던 말\r\n울면서 할 줄은 나 몰랐던 말\r\n나는요 오빠가 좋은걸 (휴)\r\n어떡해?\r\n이런 나를 보고 그런 슬픈 말은 하지 말아요 (하지 말아요)\r\n철없는 건지, 조금 둔한 건지, 믿을 수가 없는걸요\r\n눈물은 나오는데 활짝 웃어\r\n네 앞을 막고서 막 크게 웃어\r\n내가 왜 이러는지? 부끄럼도 없는지?\r\n자존심은 곱게 접어 하늘위로\r\n한 번도 못했던 말\r\n어쩌면 다신 못할 바로 그 말\r\n나는요 오빠가 좋은걸 (아이쿠, 하나, 둘)', '2021-10-02 20:21:47.760140', 7, 1303),
	(1528, '224 눈물이 차올라서 고갤 들어\r\n흐르지 못하게 또 살짝 웃어\r\n내게 왜 이러는지? 무슨 말을 하는지?\r\n오늘 했던 모든 말 저 하늘 위로\r\n한번도 못했던 말\r\n울면서 할 줄은 나 몰랐던 말\r\n나는요 오빠가 좋은걸 (휴)\r\n어떡해?\r\n이런 나를 보고 그런 슬픈 말은 하지 말아요 (하지 말아요)\r\n철없는 건지, 조금 둔한 건지, 믿을 수가 없는걸요\r\n눈물은 나오는데 활짝 웃어\r\n네 앞을 막고서 막 크게 웃어\r\n내가 왜 이러는지? 부끄럼도 없는지?\r\n자존심은 곱게 접어 하늘위로\r\n한 번도 못했던 말\r\n어쩌면 다신 못할 바로 그 말\r\n나는요 오빠가 좋은걸 (아이쿠, 하나, 둘)', '2021-10-02 20:22:47.781145', 8, 1303),
	(1529, '225 눈물이 차올라서 고갤 들어\r\n흐르지 못하게 또 살짝 웃어\r\n내게 왜 이러는지? 무슨 말을 하는지?\r\n오늘 했던 모든 말 저 하늘 위로\r\n한번도 못했던 말\r\n울면서 할 줄은 나 몰랐던 말\r\n나는요 오빠가 좋은걸 (휴)\r\n어떡해?\r\n이런 나를 보고 그런 슬픈 말은 하지 말아요 (하지 말아요)\r\n철없는 건지, 조금 둔한 건지, 믿을 수가 없는걸요\r\n눈물은 나오는데 활짝 웃어\r\n네 앞을 막고서 막 크게 웃어\r\n내가 왜 이러는지? 부끄럼도 없는지?\r\n자존심은 곱게 접어 하늘위로\r\n한 번도 못했던 말\r\n어쩌면 다신 못할 바로 그 말\r\n나는요 오빠가 좋은걸 (아이쿠, 하나, 둘)', '2021-10-02 20:23:47.797148', 9, 1303),
	(1530, '226 이른 아침 작은 새들 노랫소리 들려오면\r\n언제나 그랬듯 아쉽게 잠을 깬다\r\n창문 하나 햇살 가득 눈부시게 비쳐오고\r\n서늘한 냉기에 재채기할까 말까 음', '2021-10-02 20:24:47.817152', 10, 1303),
	(1531, '227 눈물이 차올라서 고갤 들어\r\n흐르지 못하게 또 살짝 웃어\r\n내게 왜 이러는지? 무슨 말을 하는지?\r\n오늘 했던 모든 말 저 하늘 위로\r\n한번도 못했던 말\r\n울면서 할 줄은 나 몰랐던 말\r\n나는요 오빠가 좋은걸 (휴)\r\n어떡해?\r\n이런 나를 보고 그런 슬픈 말은 하지 말아요 (하지 말아요)\r\n철없는 건지, 조금 둔한 건지, 믿을 수가 없는걸요\r\n눈물은 나오는데 활짝 웃어\r\n네 앞을 막고서 막 크게 웃어\r\n내가 왜 이러는지? 부끄럼도 없는지?\r\n자존심은 곱게 접어 하늘위로\r\n한 번도 못했던 말\r\n어쩌면 다신 못할 바로 그 말\r\n나는요 오빠가 좋은걸 (아이쿠, 하나, 둘)', '2021-10-02 20:25:47.833156', 11, 1303),
	(1532, '228 서로를 닮아 기울어진 삶\r\n\r\n소원을 담아 차오르는 달', '2021-10-02 20:26:47.854162', 12, 1303),
	(1533, '229 눈물이 차올라서 고갤 들어\r\n흐르지 못하게 또 살짝 웃어\r\n내게 왜 이러는지? 무슨 말을 하는지?\r\n오늘 했던 모든 말 저 하늘 위로\r\n한번도 못했던 말\r\n울면서 할 줄은 나 몰랐던 말\r\n나는요 오빠가 좋은걸 (휴)\r\n어떡해?\r\n이런 나를 보고 그런 슬픈 말은 하지 말아요 (하지 말아요)\r\n철없는 건지, 조금 둔한 건지, 믿을 수가 없는걸요\r\n눈물은 나오는데 활짝 웃어\r\n네 앞을 막고서 막 크게 웃어\r\n내가 왜 이러는지? 부끄럼도 없는지?\r\n자존심은 곱게 접어 하늘위로\r\n한 번도 못했던 말\r\n어쩌면 다신 못할 바로 그 말\r\n나는요 오빠가 좋은걸 (아이쿠, 하나, 둘)', '2021-10-02 20:27:47.876167', 13, 1303),
	(1534, '230 이른 아침 작은 새들 노랫소리 들려오면\r\n언제나 그랬듯 아쉽게 잠을 깬다\r\n창문 하나 햇살 가득 눈부시게 비쳐오고\r\n서늘한 냉기에 재채기할까 말까 음', '2021-10-02 20:28:47.896171', 14, 1303),
	(1535, '231 눈물이 차올라서 고갤 들어\r\n흐르지 못하게 또 살짝 웃어\r\n내게 왜 이러는지? 무슨 말을 하는지?\r\n오늘 했던 모든 말 저 하늘 위로\r\n한번도 못했던 말\r\n울면서 할 줄은 나 몰랐던 말\r\n나는요 오빠가 좋은걸 (휴)\r\n어떡해?\r\n이런 나를 보고 그런 슬픈 말은 하지 말아요 (하지 말아요)\r\n철없는 건지, 조금 둔한 건지, 믿을 수가 없는걸요\r\n눈물은 나오는데 활짝 웃어\r\n네 앞을 막고서 막 크게 웃어\r\n내가 왜 이러는지? 부끄럼도 없는지?\r\n자존심은 곱게 접어 하늘위로\r\n한 번도 못했던 말\r\n어쩌면 다신 못할 바로 그 말\r\n나는요 오빠가 좋은걸 (아이쿠, 하나, 둘)', '2021-10-02 20:29:47.906173', 15, 1303),
	(1536, '232 서로를 닮아 기울어진 삶\r\n\r\n소원을 담아 차오르는 달', '2021-10-02 20:30:47.927178', 16, 1303),
	(1537, '233 눈물이 차올라서 고갤 들어\r\n흐르지 못하게 또 살짝 웃어\r\n내게 왜 이러는지? 무슨 말을 하는지?\r\n오늘 했던 모든 말 저 하늘 위로\r\n한번도 못했던 말\r\n울면서 할 줄은 나 몰랐던 말\r\n나는요 오빠가 좋은걸 (휴)\r\n어떡해?\r\n이런 나를 보고 그런 슬픈 말은 하지 말아요 (하지 말아요)\r\n철없는 건지, 조금 둔한 건지, 믿을 수가 없는걸요\r\n눈물은 나오는데 활짝 웃어\r\n네 앞을 막고서 막 크게 웃어\r\n내가 왜 이러는지? 부끄럼도 없는지?\r\n자존심은 곱게 접어 하늘위로\r\n한 번도 못했던 말\r\n어쩌면 다신 못할 바로 그 말\r\n나는요 오빠가 좋은걸 (아이쿠, 하나, 둘)', '2021-10-02 20:31:47.943181', 17, 1303),
	(1538, '234 서로를 닮아 기울어진 삶\r\n\r\n소원을 담아 차오르는 달', '2021-10-02 20:32:47.959185', 18, 1303),
	(1539, '235 이른 아침 작은 새들 노랫소리 들려오면\r\n언제나 그랬듯 아쉽게 잠을 깬다\r\n창문 하나 햇살 가득 눈부시게 비쳐오고\r\n서늘한 냉기에 재채기할까 말까 음', '2021-10-02 20:33:47.979189', 19, 1303),
	(1540, '236 서로를 닮아 기울어진 삶\r\n\r\n소원을 담아 차오르는 달', '2021-10-02 20:34:47.995193', 20, 1303),
	(1541, '237 서로를 닮아 기울어진 삶\r\n\r\n소원을 담아 차오르는 달', '2021-10-02 20:35:48.016198', 21, 1303),
	(1542, '238 이른 아침 작은 새들 노랫소리 들려오면\r\n언제나 그랬듯 아쉽게 잠을 깬다\r\n창문 하나 햇살 가득 눈부시게 비쳐오고\r\n서늘한 냉기에 재채기할까 말까 음', '2021-10-02 20:36:48.046205', 22, 1303),
	(1543, '239 이른 아침 작은 새들 노랫소리 들려오면\r\n언제나 그랬듯 아쉽게 잠을 깬다\r\n창문 하나 햇살 가득 눈부시게 비쳐오고\r\n서늘한 냉기에 재채기할까 말까 음', '2021-10-02 20:37:48.061208', 23, 1303),
	(1544, '240 눈물이 차올라서 고갤 들어\r\n흐르지 못하게 또 살짝 웃어\r\n내게 왜 이러는지? 무슨 말을 하는지?\r\n오늘 했던 모든 말 저 하늘 위로\r\n한번도 못했던 말\r\n울면서 할 줄은 나 몰랐던 말\r\n나는요 오빠가 좋은걸 (휴)\r\n어떡해?\r\n이런 나를 보고 그런 슬픈 말은 하지 말아요 (하지 말아요)\r\n철없는 건지, 조금 둔한 건지, 믿을 수가 없는걸요\r\n눈물은 나오는데 활짝 웃어\r\n네 앞을 막고서 막 크게 웃어\r\n내가 왜 이러는지? 부끄럼도 없는지?\r\n자존심은 곱게 접어 하늘위로\r\n한 번도 못했던 말\r\n어쩌면 다신 못할 바로 그 말\r\n나는요 오빠가 좋은걸 (아이쿠, 하나, 둘)', '2021-10-02 20:38:48.076212', 24, 1303),
	(1545, '241 이른 아침 작은 새들 노랫소리 들려오면\r\n언제나 그랬듯 아쉽게 잠을 깬다\r\n창문 하나 햇살 가득 눈부시게 비쳐오고\r\n서늘한 냉기에 재채기할까 말까 음', '2021-10-02 20:39:48.091215', 5, 1304),
	(1546, '242 서로를 닮아 기울어진 삶\r\n\r\n소원을 담아 차오르는 달', '2021-10-02 20:40:48.105218', 6, 1304),
	(1547, '243 눈물이 차올라서 고갤 들어\r\n흐르지 못하게 또 살짝 웃어\r\n내게 왜 이러는지? 무슨 말을 하는지?\r\n오늘 했던 모든 말 저 하늘 위로\r\n한번도 못했던 말\r\n울면서 할 줄은 나 몰랐던 말\r\n나는요 오빠가 좋은걸 (휴)\r\n어떡해?\r\n이런 나를 보고 그런 슬픈 말은 하지 말아요 (하지 말아요)\r\n철없는 건지, 조금 둔한 건지, 믿을 수가 없는걸요\r\n눈물은 나오는데 활짝 웃어\r\n네 앞을 막고서 막 크게 웃어\r\n내가 왜 이러는지? 부끄럼도 없는지?\r\n자존심은 곱게 접어 하늘위로\r\n한 번도 못했던 말\r\n어쩌면 다신 못할 바로 그 말\r\n나는요 오빠가 좋은걸 (아이쿠, 하나, 둘)', '2021-10-02 20:41:48.125223', 7, 1304),
	(1548, '244 이른 아침 작은 새들 노랫소리 들려오면\r\n언제나 그랬듯 아쉽게 잠을 깬다\r\n창문 하나 햇살 가득 눈부시게 비쳐오고\r\n서늘한 냉기에 재채기할까 말까 음', '2021-10-02 20:42:48.141225', 8, 1304),
	(1549, '245 눈물이 차올라서 고갤 들어\r\n흐르지 못하게 또 살짝 웃어\r\n내게 왜 이러는지? 무슨 말을 하는지?\r\n오늘 했던 모든 말 저 하늘 위로\r\n한번도 못했던 말\r\n울면서 할 줄은 나 몰랐던 말\r\n나는요 오빠가 좋은걸 (휴)\r\n어떡해?\r\n이런 나를 보고 그런 슬픈 말은 하지 말아요 (하지 말아요)\r\n철없는 건지, 조금 둔한 건지, 믿을 수가 없는걸요\r\n눈물은 나오는데 활짝 웃어\r\n네 앞을 막고서 막 크게 웃어\r\n내가 왜 이러는지? 부끄럼도 없는지?\r\n자존심은 곱게 접어 하늘위로\r\n한 번도 못했던 말\r\n어쩌면 다신 못할 바로 그 말\r\n나는요 오빠가 좋은걸 (아이쿠, 하나, 둘)', '2021-10-02 20:43:48.162231', 9, 1304),
	(1550, '246 이른 아침 작은 새들 노랫소리 들려오면\r\n언제나 그랬듯 아쉽게 잠을 깬다\r\n창문 하나 햇살 가득 눈부시게 비쳐오고\r\n서늘한 냉기에 재채기할까 말까 음', '2021-10-02 20:44:48.178235', 10, 1304),
	(1551, '247 이른 아침 작은 새들 노랫소리 들려오면\r\n언제나 그랬듯 아쉽게 잠을 깬다\r\n창문 하나 햇살 가득 눈부시게 비쳐오고\r\n서늘한 냉기에 재채기할까 말까 음', '2021-10-02 20:45:48.198239', 11, 1304),
	(1552, '248 눈물이 차올라서 고갤 들어\r\n흐르지 못하게 또 살짝 웃어\r\n내게 왜 이러는지? 무슨 말을 하는지?\r\n오늘 했던 모든 말 저 하늘 위로\r\n한번도 못했던 말\r\n울면서 할 줄은 나 몰랐던 말\r\n나는요 오빠가 좋은걸 (휴)\r\n어떡해?\r\n이런 나를 보고 그런 슬픈 말은 하지 말아요 (하지 말아요)\r\n철없는 건지, 조금 둔한 건지, 믿을 수가 없는걸요\r\n눈물은 나오는데 활짝 웃어\r\n네 앞을 막고서 막 크게 웃어\r\n내가 왜 이러는지? 부끄럼도 없는지?\r\n자존심은 곱게 접어 하늘위로\r\n한 번도 못했던 말\r\n어쩌면 다신 못할 바로 그 말\r\n나는요 오빠가 좋은걸 (아이쿠, 하나, 둘)', '2021-10-02 20:46:48.214243', 12, 1304),
	(1553, '249 서로를 닮아 기울어진 삶\r\n\r\n소원을 담아 차오르는 달', '2021-10-02 20:47:48.235248', 13, 1304),
	(1554, '250 이른 아침 작은 새들 노랫소리 들려오면\r\n언제나 그랬듯 아쉽게 잠을 깬다\r\n창문 하나 햇살 가득 눈부시게 비쳐오고\r\n서늘한 냉기에 재채기할까 말까 음', '2021-10-02 20:48:48.251251', 14, 1304),
	(1555, '251 서로를 닮아 기울어진 삶\r\n\r\n소원을 담아 차오르는 달', '2021-10-02 20:49:48.271255', 15, 1304),
	(1556, '252 눈물이 차올라서 고갤 들어\r\n흐르지 못하게 또 살짝 웃어\r\n내게 왜 이러는지? 무슨 말을 하는지?\r\n오늘 했던 모든 말 저 하늘 위로\r\n한번도 못했던 말\r\n울면서 할 줄은 나 몰랐던 말\r\n나는요 오빠가 좋은걸 (휴)\r\n어떡해?\r\n이런 나를 보고 그런 슬픈 말은 하지 말아요 (하지 말아요)\r\n철없는 건지, 조금 둔한 건지, 믿을 수가 없는걸요\r\n눈물은 나오는데 활짝 웃어\r\n네 앞을 막고서 막 크게 웃어\r\n내가 왜 이러는지? 부끄럼도 없는지?\r\n자존심은 곱게 접어 하늘위로\r\n한 번도 못했던 말\r\n어쩌면 다신 못할 바로 그 말\r\n나는요 오빠가 좋은걸 (아이쿠, 하나, 둘)', '2021-10-02 20:50:48.287259', 16, 1304),
	(1557, '253 이른 아침 작은 새들 노랫소리 들려오면\r\n언제나 그랬듯 아쉽게 잠을 깬다\r\n창문 하나 햇살 가득 눈부시게 비쳐오고\r\n서늘한 냉기에 재채기할까 말까 음', '2021-10-02 20:51:48.307263', 17, 1304),
	(1558, '254 이른 아침 작은 새들 노랫소리 들려오면\r\n언제나 그랬듯 아쉽게 잠을 깬다\r\n창문 하나 햇살 가득 눈부시게 비쳐오고\r\n서늘한 냉기에 재채기할까 말까 음', '2021-10-02 20:52:48.324267', 18, 1304),
	(1559, '255 이른 아침 작은 새들 노랫소리 들려오면\r\n언제나 그랬듯 아쉽게 잠을 깬다\r\n창문 하나 햇살 가득 눈부시게 비쳐오고\r\n서늘한 냉기에 재채기할까 말까 음', '2021-10-02 20:53:48.344272', 19, 1304),
	(1560, '256 눈물이 차올라서 고갤 들어\r\n흐르지 못하게 또 살짝 웃어\r\n내게 왜 이러는지? 무슨 말을 하는지?\r\n오늘 했던 모든 말 저 하늘 위로\r\n한번도 못했던 말\r\n울면서 할 줄은 나 몰랐던 말\r\n나는요 오빠가 좋은걸 (휴)\r\n어떡해?\r\n이런 나를 보고 그런 슬픈 말은 하지 말아요 (하지 말아요)\r\n철없는 건지, 조금 둔한 건지, 믿을 수가 없는걸요\r\n눈물은 나오는데 활짝 웃어\r\n네 앞을 막고서 막 크게 웃어\r\n내가 왜 이러는지? 부끄럼도 없는지?\r\n자존심은 곱게 접어 하늘위로\r\n한 번도 못했던 말\r\n어쩌면 다신 못할 바로 그 말\r\n나는요 오빠가 좋은걸 (아이쿠, 하나, 둘)', '2021-10-02 20:54:48.361276', 20, 1304),
	(1561, '257 서로를 닮아 기울어진 삶\r\n\r\n소원을 담아 차오르는 달', '2021-10-02 20:55:48.388282', 21, 1304),
	(1562, '258 서로를 닮아 기울어진 삶\r\n\r\n소원을 담아 차오르는 달', '2021-10-02 20:56:48.397284', 22, 1304),
	(1563, '259 이른 아침 작은 새들 노랫소리 들려오면\r\n언제나 그랬듯 아쉽게 잠을 깬다\r\n창문 하나 햇살 가득 눈부시게 비쳐오고\r\n서늘한 냉기에 재채기할까 말까 음', '2021-10-02 20:57:48.417288', 23, 1304),
	(1564, '260 이른 아침 작은 새들 노랫소리 들려오면\r\n언제나 그랬듯 아쉽게 잠을 깬다\r\n창문 하나 햇살 가득 눈부시게 비쳐오고\r\n서늘한 냉기에 재채기할까 말까 음', '2021-10-02 20:58:48.433292', 24, 1304),
	(1641, '아이유!! 아이유! 아이유!!!', '2021-10-07 10:53:56.284836', 1599, 1292),
	(1642, '아이유!! 아이유!!', '2021-10-07 10:54:09.488783', 1599, 1292),
	(1646, '이거 언제사냐....', '2021-10-07 11:08:25.803176', 1643, 1303),
	(1648, '나와라 얍!!', '2021-10-07 11:52:52.707159', 1598, 1292),
	(1649, '제발나와라!!!!!!', '2021-10-07 11:56:33.512754', 1598, 1292),
	(1650, '나와줘라 ㅠㅠㅠㅠ', '2021-10-07 11:58:31.843802', 1598, 1292);
/*!40000 ALTER TABLE `reply` ENABLE KEYS */;

-- 테이블 blockChain.reply_like 구조 내보내기
CREATE TABLE IF NOT EXISTS `reply_like` (
  `member_no` bigint(20) NOT NULL,
  `reply_no` bigint(20) NOT NULL,
  PRIMARY KEY (`member_no`,`reply_no`),
  KEY `FKi3tg5jkv95aejdphq1nkbyk40` (`reply_no`),
  CONSTRAINT `FKby79okgwq11rehyoigxovim9l` FOREIGN KEY (`member_no`) REFERENCES `member` (`member_no`),
  CONSTRAINT `FKi3tg5jkv95aejdphq1nkbyk40` FOREIGN KEY (`reply_no`) REFERENCES `reply` (`reply_no`)
) ENGINE=InnoDB DEFAULT CHARSET=utf8mb4;

-- 테이블 데이터 blockChain.reply_like:~0 rows (대략적) 내보내기
DELETE FROM `reply_like`;
/*!40000 ALTER TABLE `reply_like` DISABLE KEYS */;
/*!40000 ALTER TABLE `reply_like` ENABLE KEYS */;

-- 테이블 blockChain.sales 구조 내보내기
CREATE TABLE IF NOT EXISTS `sales` (
  `sales_no` bigint(20) NOT NULL,
  `sales_img` varchar(255) DEFAULT NULL,
  `sales_detail` varchar(5000) DEFAULT NULL,
  `sales_div` varchar(3) DEFAULT NULL,
  `sales_nm` varchar(300) DEFAULT NULL,
  `sales_price` bigint(20) DEFAULT NULL,
  PRIMARY KEY (`sales_no`)
) ENGINE=InnoDB DEFAULT CHARSET=utf8mb4;

-- 테이블 데이터 blockChain.sales:~13 rows (대략적) 내보내기
DELETE FROM `sales`;
/*!40000 ALTER TABLE `sales` DISABLE KEYS */;
INSERT INTO `sales` (`sales_no`, `sales_img`, `sales_detail`, `sales_div`, `sales_nm`, `sales_price`) VALUES
	(1292, '/image/여성샐럽.gif', '제품상세 내용', 'MW', '여성샐럽 카드팩', 3),
	(1293, '/image/남성샐럽.gif', '제품상세 내용', 'MW', '남성샐럽 카드팩', 3),
	(1294, '/image/태티서.gif', '제품상세 내용', 'GR', '태티서 카드팩', 3),
	(1295, '/image/솔로샐럽.gif', '제품상세 내용', 'GR', '솔로 샐럽 카드팩', 3),
	(1296, '/image/2016~2018.gif', '제품상세 내용', 'YR', '2016~2018 카드팩', 3),
	(1297, '/image/2019~2021.gif', '제품상세 내용', 'YR', '2019~2021 카드팩', 3),
	(1298, '/image/태연.gif', '제품상세 내용', 'CL', '태연 카드팩', 3),
	(1299, '/image/티파니.gif', '제품상세 내용', 'CL', '티파니 카드팩', 3),
	(1300, '/image/서현.gif', '제품상세 내용', 'CL', '서현 카드팩', 3),
	(1301, '/image/현아.gif', '제품상세 내용', 'CL', '현아 카드팩', 3),
	(1302, '/image/GD.gif', '제품상세 내용', 'CL', 'GD 카드팩', 3),
	(1303, '/image/아이유.gif', '제품상세 내용', 'CL', '아이유 카드팩', 5000),
	(1304, '/image/차은우.gif', '제품상세 내용', 'CL', '차은우 카드팩', 10000);
/*!40000 ALTER TABLE `sales` ENABLE KEYS */;

-- 테이블 blockChain.sales_like 구조 내보내기
CREATE TABLE IF NOT EXISTS `sales_like` (
  `member_no` bigint(20) NOT NULL,
  `sales_no` bigint(20) NOT NULL,
  PRIMARY KEY (`member_no`,`sales_no`),
  KEY `FKmm5lg6x7isd4enu3wrsfc01hb` (`sales_no`),
  CONSTRAINT `FKgrycu271ucqjcfws6byogbahs` FOREIGN KEY (`member_no`) REFERENCES `member` (`member_no`),
  CONSTRAINT `FKmm5lg6x7isd4enu3wrsfc01hb` FOREIGN KEY (`sales_no`) REFERENCES `sales` (`sales_no`)
) ENGINE=InnoDB DEFAULT CHARSET=utf8mb4;

-- 테이블 데이터 blockChain.sales_like:~53 rows (대략적) 내보내기
DELETE FROM `sales_like`;
/*!40000 ALTER TABLE `sales_like` DISABLE KEYS */;
INSERT INTO `sales_like` (`member_no`, `sales_no`) VALUES
	(5, 1293),
	(5, 1304),
	(6, 1293),
	(6, 1301),
	(7, 1293),
	(7, 1296),
	(8, 1292),
	(8, 1293),
	(8, 1295),
	(9, 1293),
	(9, 1296),
	(9, 1302),
	(9, 1304),
	(10, 1295),
	(10, 1303),
	(11, 1297),
	(11, 1303),
	(11, 1304),
	(12, 1292),
	(12, 1295),
	(12, 1304),
	(13, 1292),
	(14, 1292),
	(14, 1293),
	(14, 1297),
	(15, 1301),
	(16, 1292),
	(16, 1301),
	(16, 1304),
	(17, 1293),
	(17, 1294),
	(17, 1296),
	(17, 1297),
	(17, 1302),
	(17, 1304),
	(18, 1294),
	(18, 1299),
	(18, 1304),
	(19, 1295),
	(20, 1295),
	(20, 1296),
	(21, 1292),
	(21, 1295),
	(21, 1296),
	(22, 1292),
	(22, 1294),
	(23, 1292),
	(23, 1304),
	(24, 1299),
	(24, 1303),
	(1599, 1292),
	(1623, 1292),
	(1625, 1294);
/*!40000 ALTER TABLE `sales_like` ENABLE KEYS */;

-- 테이블 blockChain.sales_order 구조 내보내기
CREATE TABLE IF NOT EXISTS `sales_order` (
  `sales_order_no` bigint(20) NOT NULL,
  `sales_order_date` timestamp NOT NULL DEFAULT current_timestamp(),
  `member_no` bigint(20) DEFAULT NULL,
  `sales_no` bigint(20) DEFAULT NULL,
  PRIMARY KEY (`sales_order_no`),
  KEY `FKk96us8keiw11wpyv2g2dnrms3` (`member_no`),
  KEY `FKdd06iaa8w4lbctpcqwfvi6cve` (`sales_no`),
  CONSTRAINT `FKdd06iaa8w4lbctpcqwfvi6cve` FOREIGN KEY (`sales_no`) REFERENCES `sales` (`sales_no`),
  CONSTRAINT `FKk96us8keiw11wpyv2g2dnrms3` FOREIGN KEY (`member_no`) REFERENCES `member` (`member_no`)
) ENGINE=InnoDB DEFAULT CHARSET=utf8mb4;

-- 테이블 데이터 blockChain.sales_order:~17 rows (대략적) 내보내기
DELETE FROM `sales_order`;
/*!40000 ALTER TABLE `sales_order` DISABLE KEYS */;
INSERT INTO `sales_order` (`sales_order_no`, `sales_order_date`, `member_no`, `sales_no`) VALUES
	(1601, '2021-10-05 18:02:09', 1599, 1292),
	(1604, '2021-10-05 18:08:27', 1598, 1292),
	(1605, '2021-10-05 18:14:09', 5, 1292),
	(1606, '2021-10-05 18:18:32', 5, 1292),
	(1607, '2021-10-05 19:22:33', 5, 1292),
	(1608, '2021-10-05 19:24:53', 5, 1292),
	(1609, '2021-10-05 20:13:35', 1599, 1292),
	(1612, '2021-10-05 20:26:18', 1599, 1295),
	(1613, '2021-10-05 20:28:12', 1599, 1295),
	(1614, '2021-10-05 20:28:57', 1599, 1295),
	(1615, '2021-10-05 20:29:25', 1599, 1295),
	(1616, '2021-10-05 20:29:58', 1599, 1295),
	(1618, '2021-10-05 20:33:43', 1599, 1297),
	(1621, '2021-10-06 10:40:02', 1619, 1296),
	(1630, '2021-10-06 11:35:43', 1628, 1292),
	(1653, '2021-10-07 15:18:18', 1599, 1293),
	(1656, '2021-10-07 16:43:41', 1599, 1293);
/*!40000 ALTER TABLE `sales_order` ENABLE KEYS */;

-- 테이블 blockChain.sales_product 구조 내보내기
CREATE TABLE IF NOT EXISTS `sales_product` (
  `product_no` bigint(20) NOT NULL,
  `sales_no` bigint(20) NOT NULL,
  PRIMARY KEY (`product_no`,`sales_no`),
  KEY `FKpj0pfa2bv09b2a5bw3t967gyu` (`sales_no`),
  CONSTRAINT `FK2auo5w36i9gs9xyxg2wfnjje2` FOREIGN KEY (`product_no`) REFERENCES `product` (`product_no`),
  CONSTRAINT `FKpj0pfa2bv09b2a5bw3t967gyu` FOREIGN KEY (`sales_no`) REFERENCES `sales` (`sales_no`)
) ENGINE=InnoDB DEFAULT CHARSET=utf8mb4;

-- 테이블 데이터 blockChain.sales_product:~140 rows (대략적) 내보내기
DELETE FROM `sales_product`;
/*!40000 ALTER TABLE `sales_product` DISABLE KEYS */;
INSERT INTO `sales_product` (`product_no`, `sales_no`) VALUES
	(1234, 1292),
	(1234, 1294),
	(1234, 1296),
	(1234, 1297),
	(1234, 1298),
	(1235, 1292),
	(1235, 1294),
	(1235, 1296),
	(1235, 1297),
	(1235, 1298),
	(1236, 1292),
	(1236, 1294),
	(1236, 1296),
	(1236, 1297),
	(1236, 1298),
	(1237, 1292),
	(1237, 1294),
	(1237, 1296),
	(1237, 1297),
	(1237, 1298),
	(1238, 1292),
	(1238, 1294),
	(1238, 1296),
	(1238, 1297),
	(1238, 1298),
	(1239, 1292),
	(1239, 1294),
	(1239, 1296),
	(1239, 1297),
	(1239, 1299),
	(1240, 1292),
	(1240, 1294),
	(1240, 1296),
	(1240, 1297),
	(1240, 1299),
	(1241, 1292),
	(1241, 1294),
	(1241, 1296),
	(1241, 1297),
	(1241, 1299),
	(1242, 1292),
	(1242, 1294),
	(1242, 1296),
	(1242, 1297),
	(1242, 1299),
	(1243, 1292),
	(1243, 1294),
	(1243, 1296),
	(1243, 1297),
	(1243, 1299),
	(1244, 1292),
	(1244, 1294),
	(1244, 1296),
	(1244, 1297),
	(1244, 1300),
	(1245, 1292),
	(1245, 1294),
	(1245, 1296),
	(1245, 1297),
	(1245, 1300),
	(1246, 1292),
	(1246, 1294),
	(1246, 1296),
	(1246, 1297),
	(1246, 1300),
	(1247, 1292),
	(1247, 1294),
	(1247, 1296),
	(1247, 1297),
	(1247, 1300),
	(1248, 1292),
	(1248, 1294),
	(1248, 1296),
	(1248, 1297),
	(1248, 1300),
	(1249, 1292),
	(1249, 1295),
	(1249, 1296),
	(1249, 1297),
	(1249, 1301),
	(1250, 1292),
	(1250, 1295),
	(1250, 1296),
	(1250, 1297),
	(1250, 1301),
	(1251, 1292),
	(1251, 1295),
	(1251, 1296),
	(1251, 1297),
	(1251, 1301),
	(1252, 1292),
	(1252, 1295),
	(1252, 1296),
	(1252, 1297),
	(1252, 1301),
	(1253, 1292),
	(1253, 1295),
	(1253, 1296),
	(1253, 1297),
	(1253, 1301),
	(1254, 1293),
	(1254, 1295),
	(1254, 1296),
	(1254, 1297),
	(1254, 1302),
	(1255, 1293),
	(1255, 1295),
	(1255, 1296),
	(1255, 1297),
	(1255, 1302),
	(1256, 1293),
	(1256, 1295),
	(1256, 1296),
	(1256, 1297),
	(1256, 1302),
	(1257, 1293),
	(1257, 1295),
	(1257, 1296),
	(1257, 1297),
	(1257, 1302),
	(1258, 1293),
	(1258, 1295),
	(1258, 1296),
	(1258, 1297),
	(1258, 1302),
	(1259, 1293),
	(1259, 1304),
	(1260, 1292),
	(1260, 1295),
	(1260, 1297),
	(1260, 1303),
	(1261, 1292),
	(1261, 1295),
	(1261, 1297),
	(1261, 1303),
	(1262, 1292),
	(1262, 1295),
	(1262, 1296),
	(1262, 1297),
	(1262, 1301);
/*!40000 ALTER TABLE `sales_product` ENABLE KEYS */;

-- 테이블 blockChain.sold_bundle_inside 구조 내보내기
CREATE TABLE IF NOT EXISTS `sold_bundle_inside` (
  `sales_order_no` bigint(20) NOT NULL,
  `token` bigint(20) NOT NULL,
  PRIMARY KEY (`sales_order_no`,`token`),
  KEY `FKdfwrvp9wvceydw543guq3nt8h` (`token`),
  CONSTRAINT `FKdfwrvp9wvceydw543guq3nt8h` FOREIGN KEY (`token`) REFERENCES `token` (`token_no`),
  CONSTRAINT `FKjc45rdy70rn1erk92cjdj4ade` FOREIGN KEY (`sales_order_no`) REFERENCES `sales_order` (`sales_order_no`)
) ENGINE=InnoDB DEFAULT CHARSET=utf8mb4;

-- 테이블 데이터 blockChain.sold_bundle_inside:~85 rows (대략적) 내보내기
DELETE FROM `sold_bundle_inside`;
/*!40000 ALTER TABLE `sold_bundle_inside` DISABLE KEYS */;
INSERT INTO `sold_bundle_inside` (`sales_order_no`, `token`) VALUES
	(1601, 83),
	(1601, 116),
	(1601, 172),
	(1601, 467),
	(1601, 647),
	(1604, 111),
	(1604, 246),
	(1604, 260),
	(1604, 607),
	(1604, 818),
	(1605, 305),
	(1605, 396),
	(1605, 470),
	(1605, 527),
	(1605, 759),
	(1606, 301),
	(1606, 400),
	(1606, 596),
	(1606, 604),
	(1606, 816),
	(1607, 48),
	(1607, 143),
	(1607, 290),
	(1607, 371),
	(1607, 783),
	(1608, 247),
	(1608, 484),
	(1608, 579),
	(1608, 612),
	(1608, 748),
	(1609, 434),
	(1609, 478),
	(1609, 483),
	(1609, 720),
	(1609, 1035),
	(1612, 631),
	(1612, 707),
	(1612, 789),
	(1612, 833),
	(1612, 842),
	(1613, 626),
	(1613, 676),
	(1613, 693),
	(1613, 827),
	(1613, 890),
	(1614, 672),
	(1614, 690),
	(1614, 715),
	(1614, 871),
	(1614, 900),
	(1615, 708),
	(1615, 872),
	(1615, 888),
	(1615, 961),
	(1615, 994),
	(1616, 792),
	(1616, 805),
	(1616, 901),
	(1616, 915),
	(1616, 1036),
	(1618, 197),
	(1618, 466),
	(1618, 649),
	(1618, 811),
	(1618, 1024),
	(1621, 402),
	(1621, 456),
	(1621, 525),
	(1621, 531),
	(1621, 862),
	(1630, 154),
	(1630, 162),
	(1630, 210),
	(1630, 501),
	(1630, 683),
	(1653, 858),
	(1653, 924),
	(1653, 996),
	(1653, 1000),
	(1653, 1014),
	(1656, 826),
	(1656, 850),
	(1656, 867),
	(1656, 870),
	(1656, 1018);
/*!40000 ALTER TABLE `sold_bundle_inside` ENABLE KEYS */;

-- 테이블 blockChain.token 구조 내보내기
CREATE TABLE IF NOT EXISTS `token` (
  `token_no` bigint(20) NOT NULL,
  `token_seriarlize_no` varchar(300) DEFAULT NULL,
  PRIMARY KEY (`token_no`)
) ENGINE=InnoDB DEFAULT CHARSET=utf8mb4;

-- 테이블 데이터 blockChain.token:~1,200 rows (대략적) 내보내기
DELETE FROM `token`;
/*!40000 ALTER TABLE `token` DISABLE KEYS */;
INSERT INTO `token` (`token_no`, `token_seriarlize_no`) VALUES
	(25, '0'),
	(26, '1'),
	(27, '2'),
	(28, '3'),
	(29, '4'),
	(30, '5'),
	(31, '6'),
	(32, '7'),
	(33, '8'),
	(34, '9'),
	(35, '10'),
	(36, '11'),
	(37, '12'),
	(38, '13'),
	(39, '14'),
	(40, '15'),
	(41, '16'),
	(42, '17'),
	(43, '18'),
	(44, '19'),
	(45, '20'),
	(46, '21'),
	(47, '22'),
	(48, '23'),
	(49, '24'),
	(50, '25'),
	(51, '26'),
	(52, '27'),
	(53, '28'),
	(54, '29'),
	(55, '30'),
	(56, '31'),
	(57, '32'),
	(58, '33'),
	(59, '34'),
	(60, '35'),
	(61, '36'),
	(62, '37'),
	(63, '38'),
	(64, '39'),
	(65, '40'),
	(66, '41'),
	(67, '42'),
	(68, '43'),
	(69, '44'),
	(70, '45'),
	(71, '46'),
	(72, '47'),
	(73, '48'),
	(74, '49'),
	(75, '50'),
	(76, '51'),
	(77, '52'),
	(78, '53'),
	(79, '54'),
	(80, '55'),
	(81, '56'),
	(82, '57'),
	(83, '58'),
	(84, '59'),
	(85, '60'),
	(86, '61'),
	(87, '62'),
	(88, '63'),
	(89, '64'),
	(90, '65'),
	(91, '66'),
	(92, '67'),
	(93, '68'),
	(94, '69'),
	(95, '70'),
	(96, '71'),
	(97, '72'),
	(98, '73'),
	(99, '74'),
	(100, '75'),
	(101, '76'),
	(102, '77'),
	(103, '78'),
	(104, '79'),
	(105, '80'),
	(106, '81'),
	(107, '82'),
	(108, '83'),
	(109, '84'),
	(110, '85'),
	(111, '86'),
	(112, '87'),
	(113, '88'),
	(114, '89'),
	(115, '90'),
	(116, '91'),
	(117, '92'),
	(118, '93'),
	(119, '94'),
	(120, '95'),
	(121, '96'),
	(122, '97'),
	(123, '98'),
	(124, '99'),
	(125, '100'),
	(126, '101'),
	(127, '102'),
	(128, '103'),
	(129, '104'),
	(130, '105'),
	(131, '106'),
	(132, '107'),
	(133, '108'),
	(134, '109'),
	(135, '110'),
	(136, '111'),
	(137, '112'),
	(138, '113'),
	(139, '114'),
	(140, '115'),
	(141, '116'),
	(142, '117'),
	(143, '118'),
	(144, '119'),
	(145, '120'),
	(146, '121'),
	(147, '122'),
	(148, '123'),
	(149, '124'),
	(150, '125'),
	(151, '126'),
	(152, '127'),
	(153, '128'),
	(154, '129'),
	(155, '130'),
	(156, '131'),
	(157, '132'),
	(158, '133'),
	(159, '134'),
	(160, '135'),
	(161, '136'),
	(162, '137'),
	(163, '138'),
	(164, '139'),
	(165, '140'),
	(166, '141'),
	(167, '142'),
	(168, '143'),
	(169, '144'),
	(170, '145'),
	(171, '146'),
	(172, '147'),
	(173, '148'),
	(174, '149'),
	(175, '150'),
	(176, '151'),
	(177, '152'),
	(178, '153'),
	(179, '154'),
	(180, '155'),
	(181, '156'),
	(182, '157'),
	(183, '158'),
	(184, '159'),
	(185, '160'),
	(186, '161'),
	(187, '162'),
	(188, '163'),
	(189, '164'),
	(190, '165'),
	(191, '166'),
	(192, '167'),
	(193, '168'),
	(194, '169'),
	(195, '170'),
	(196, '171'),
	(197, '172'),
	(198, '173'),
	(199, '174'),
	(200, '175'),
	(201, '176'),
	(202, '177'),
	(203, '178'),
	(204, '179'),
	(205, '180'),
	(206, '181'),
	(207, '182'),
	(208, '183'),
	(209, '184'),
	(210, '185'),
	(211, '186'),
	(212, '187'),
	(213, '188'),
	(214, '189'),
	(215, '190'),
	(216, '191'),
	(217, '192'),
	(218, '193'),
	(219, '194'),
	(220, '195'),
	(221, '196'),
	(222, '197'),
	(223, '198'),
	(224, '199'),
	(225, '200'),
	(226, '201'),
	(227, '202'),
	(228, '203'),
	(229, '204'),
	(230, '205'),
	(231, '206'),
	(232, '207'),
	(233, '208'),
	(234, '209'),
	(235, '210'),
	(236, '211'),
	(237, '212'),
	(238, '213'),
	(239, '214'),
	(240, '215'),
	(241, '216'),
	(242, '217'),
	(243, '218'),
	(244, '219'),
	(245, '220'),
	(246, '221'),
	(247, '222'),
	(248, '223'),
	(249, '224'),
	(250, '225'),
	(251, '226'),
	(252, '227'),
	(253, '228'),
	(254, '229'),
	(255, '230'),
	(256, '231'),
	(257, '232'),
	(258, '233'),
	(259, '234'),
	(260, '235'),
	(261, '236'),
	(262, '237'),
	(263, '238'),
	(264, '239'),
	(265, '240'),
	(266, '241'),
	(267, '242'),
	(268, '243'),
	(269, '244'),
	(270, '245'),
	(271, '246'),
	(272, '247'),
	(273, '248'),
	(274, '249'),
	(275, '250'),
	(276, '251'),
	(277, '252'),
	(278, '253'),
	(279, '254'),
	(280, '255'),
	(281, '256'),
	(282, '257'),
	(283, '258'),
	(284, '259'),
	(285, '260'),
	(286, '261'),
	(287, '262'),
	(288, '263'),
	(289, '264'),
	(290, '265'),
	(291, '266'),
	(292, '267'),
	(293, '268'),
	(294, '269'),
	(295, '270'),
	(296, '271'),
	(297, '272'),
	(298, '273'),
	(299, '274'),
	(300, '275'),
	(301, '276'),
	(302, '277'),
	(303, '278'),
	(304, '279'),
	(305, '280'),
	(306, '281'),
	(307, '282'),
	(308, '283'),
	(309, '284'),
	(310, '285'),
	(311, '286'),
	(312, '287'),
	(313, '288'),
	(314, '289'),
	(315, '290'),
	(316, '291'),
	(317, '292'),
	(318, '293'),
	(319, '294'),
	(320, '295'),
	(321, '296'),
	(322, '297'),
	(323, '298'),
	(324, '299'),
	(325, '300'),
	(326, '301'),
	(327, '302'),
	(328, '303'),
	(329, '304'),
	(330, '305'),
	(331, '306'),
	(332, '307'),
	(333, '308'),
	(334, '309'),
	(335, '310'),
	(336, '311'),
	(337, '312'),
	(338, '313'),
	(339, '314'),
	(340, '315'),
	(341, '316'),
	(342, '317'),
	(343, '318'),
	(344, '319'),
	(345, '320'),
	(346, '321'),
	(347, '322'),
	(348, '323'),
	(349, '324'),
	(350, '325'),
	(351, '326'),
	(352, '327'),
	(353, '328'),
	(354, '329'),
	(355, '330'),
	(356, '331'),
	(357, '332'),
	(358, '333'),
	(359, '334'),
	(360, '335'),
	(361, '336'),
	(362, '337'),
	(363, '338'),
	(364, '339'),
	(365, '340'),
	(366, '341'),
	(367, '342'),
	(368, '343'),
	(369, '344'),
	(370, '345'),
	(371, '346'),
	(372, '347'),
	(373, '348'),
	(374, '349'),
	(375, '350'),
	(376, '351'),
	(377, '352'),
	(378, '353'),
	(379, '354'),
	(380, '355'),
	(381, '356'),
	(382, '357'),
	(383, '358'),
	(384, '359'),
	(385, '360'),
	(386, '361'),
	(387, '362'),
	(388, '363'),
	(389, '364'),
	(390, '365'),
	(391, '366'),
	(392, '367'),
	(393, '368'),
	(394, '369'),
	(395, '370'),
	(396, '371'),
	(397, '372'),
	(398, '373'),
	(399, '374'),
	(400, '375'),
	(401, '376'),
	(402, '377'),
	(403, '378'),
	(404, '379'),
	(405, '380'),
	(406, '381'),
	(407, '382'),
	(408, '383'),
	(409, '384'),
	(410, '385'),
	(411, '386'),
	(412, '387'),
	(413, '388'),
	(414, '389'),
	(415, '390'),
	(416, '391'),
	(417, '392'),
	(418, '393'),
	(419, '394'),
	(420, '395'),
	(421, '396'),
	(422, '397'),
	(423, '398'),
	(424, '399'),
	(425, '400'),
	(426, '401'),
	(427, '402'),
	(428, '403'),
	(429, '404'),
	(430, '405'),
	(431, '406'),
	(432, '407'),
	(433, '408'),
	(434, '409'),
	(435, '410'),
	(436, '411'),
	(437, '412'),
	(438, '413'),
	(439, '414'),
	(440, '415'),
	(441, '416'),
	(442, '417'),
	(443, '418'),
	(444, '419'),
	(445, '420'),
	(446, '421'),
	(447, '422'),
	(448, '423'),
	(449, '424'),
	(450, '425'),
	(451, '426'),
	(452, '427'),
	(453, '428'),
	(454, '429'),
	(455, '430'),
	(456, '431'),
	(457, '432'),
	(458, '433'),
	(459, '434'),
	(460, '435'),
	(461, '436'),
	(462, '437'),
	(463, '438'),
	(464, '439'),
	(465, '440'),
	(466, '441'),
	(467, '442'),
	(468, '443'),
	(469, '444'),
	(470, '445'),
	(471, '446'),
	(472, '447'),
	(473, '448'),
	(474, '449'),
	(475, '450'),
	(476, '451'),
	(477, '452'),
	(478, '453'),
	(479, '454'),
	(480, '455'),
	(481, '456'),
	(482, '457'),
	(483, '458'),
	(484, '459'),
	(485, '460'),
	(486, '461'),
	(487, '462'),
	(488, '463'),
	(489, '464'),
	(490, '465'),
	(491, '466'),
	(492, '467'),
	(493, '468'),
	(494, '469'),
	(495, '470'),
	(496, '471'),
	(497, '472'),
	(498, '473'),
	(499, '474'),
	(500, '475'),
	(501, '476'),
	(502, '477'),
	(503, '478'),
	(504, '479'),
	(505, '480'),
	(506, '481'),
	(507, '482'),
	(508, '483'),
	(509, '484'),
	(510, '485'),
	(511, '486'),
	(512, '487'),
	(513, '488'),
	(514, '489'),
	(515, '490'),
	(516, '491'),
	(517, '492'),
	(518, '493'),
	(519, '494'),
	(520, '495'),
	(521, '496'),
	(522, '497'),
	(523, '498'),
	(524, '499'),
	(525, '500'),
	(526, '501'),
	(527, '502'),
	(528, '503'),
	(529, '504'),
	(530, '505'),
	(531, '506'),
	(532, '507'),
	(533, '508'),
	(534, '509'),
	(535, '510'),
	(536, '511'),
	(537, '512'),
	(538, '513'),
	(539, '514'),
	(540, '515'),
	(541, '516'),
	(542, '517'),
	(543, '518'),
	(544, '519'),
	(545, '520'),
	(546, '521'),
	(547, '522'),
	(548, '523'),
	(549, '524'),
	(550, '525'),
	(551, '526'),
	(552, '527'),
	(553, '528'),
	(554, '529'),
	(555, '530'),
	(556, '531'),
	(557, '532'),
	(558, '533'),
	(559, '534'),
	(560, '535'),
	(561, '536'),
	(562, '537'),
	(563, '538'),
	(564, '539'),
	(565, '540'),
	(566, '541'),
	(567, '542'),
	(568, '543'),
	(569, '544'),
	(570, '545'),
	(571, '546'),
	(572, '547'),
	(573, '548'),
	(574, '549'),
	(575, '550'),
	(576, '551'),
	(577, '552'),
	(578, '553'),
	(579, '554'),
	(580, '555'),
	(581, '556'),
	(582, '557'),
	(583, '558'),
	(584, '559'),
	(585, '560'),
	(586, '561'),
	(587, '562'),
	(588, '563'),
	(589, '564'),
	(590, '565'),
	(591, '566'),
	(592, '567'),
	(593, '568'),
	(594, '569'),
	(595, '570'),
	(596, '571'),
	(597, '572'),
	(598, '573'),
	(599, '574'),
	(600, '575'),
	(601, '576'),
	(602, '577'),
	(603, '578'),
	(604, '579'),
	(605, '580'),
	(606, '581'),
	(607, '582'),
	(608, '583'),
	(609, '584'),
	(610, '585'),
	(611, '586'),
	(612, '587'),
	(613, '588'),
	(614, '589'),
	(615, '590'),
	(616, '591'),
	(617, '592'),
	(618, '593'),
	(619, '594'),
	(620, '595'),
	(621, '596'),
	(622, '597'),
	(623, '598'),
	(624, '599'),
	(625, '600'),
	(626, '601'),
	(627, '602'),
	(628, '603'),
	(629, '604'),
	(630, '605'),
	(631, '606'),
	(632, '607'),
	(633, '608'),
	(634, '609'),
	(635, '610'),
	(636, '611'),
	(637, '612'),
	(638, '613'),
	(639, '614'),
	(640, '615'),
	(641, '616'),
	(642, '617'),
	(643, '618'),
	(644, '619'),
	(645, '620'),
	(646, '621'),
	(647, '622'),
	(648, '623'),
	(649, '624'),
	(650, '625'),
	(651, '626'),
	(652, '627'),
	(653, '628'),
	(654, '629'),
	(655, '630'),
	(656, '631'),
	(657, '632'),
	(658, '633'),
	(659, '634'),
	(660, '635'),
	(661, '636'),
	(662, '637'),
	(663, '638'),
	(664, '639'),
	(665, '640'),
	(666, '641'),
	(667, '642'),
	(668, '643'),
	(669, '644'),
	(670, '645'),
	(671, '646'),
	(672, '647'),
	(673, '648'),
	(674, '649'),
	(675, '650'),
	(676, '651'),
	(677, '652'),
	(678, '653'),
	(679, '654'),
	(680, '655'),
	(681, '656'),
	(682, '657'),
	(683, '658'),
	(684, '659'),
	(685, '660'),
	(686, '661'),
	(687, '662'),
	(688, '663'),
	(689, '664'),
	(690, '665'),
	(691, '666'),
	(692, '667'),
	(693, '668'),
	(694, '669'),
	(695, '670'),
	(696, '671'),
	(697, '672'),
	(698, '673'),
	(699, '674'),
	(700, '675'),
	(701, '676'),
	(702, '677'),
	(703, '678'),
	(704, '679'),
	(705, '680'),
	(706, '681'),
	(707, '682'),
	(708, '683'),
	(709, '684'),
	(710, '685'),
	(711, '686'),
	(712, '687'),
	(713, '688'),
	(714, '689'),
	(715, '690'),
	(716, '691'),
	(717, '692'),
	(718, '693'),
	(719, '694'),
	(720, '695'),
	(721, '696'),
	(722, '697'),
	(723, '698'),
	(724, '699'),
	(725, '700'),
	(726, '701'),
	(727, '702'),
	(728, '703'),
	(729, '704'),
	(730, '705'),
	(731, '706'),
	(732, '707'),
	(733, '708'),
	(734, '709'),
	(735, '710'),
	(736, '711'),
	(737, '712'),
	(738, '713'),
	(739, '714'),
	(740, '715'),
	(741, '716'),
	(742, '717'),
	(743, '718'),
	(744, '719'),
	(745, '720'),
	(746, '721'),
	(747, '722'),
	(748, '723'),
	(749, '724'),
	(750, '725'),
	(751, '726'),
	(752, '727'),
	(753, '728'),
	(754, '729'),
	(755, '730'),
	(756, '731'),
	(757, '732'),
	(758, '733'),
	(759, '734'),
	(760, '735'),
	(761, '736'),
	(762, '737'),
	(763, '738'),
	(764, '739'),
	(765, '740'),
	(766, '741'),
	(767, '742'),
	(768, '743'),
	(769, '744'),
	(770, '745'),
	(771, '746'),
	(772, '747'),
	(773, '748'),
	(774, '749'),
	(775, '750'),
	(776, '751'),
	(777, '752'),
	(778, '753'),
	(779, '754'),
	(780, '755'),
	(781, '756'),
	(782, '757'),
	(783, '758'),
	(784, '759'),
	(785, '760'),
	(786, '761'),
	(787, '762'),
	(788, '763'),
	(789, '764'),
	(790, '765'),
	(791, '766'),
	(792, '767'),
	(793, '768'),
	(794, '769'),
	(795, '770'),
	(796, '771'),
	(797, '772'),
	(798, '773'),
	(799, '774'),
	(800, '775'),
	(801, '776'),
	(802, '777'),
	(803, '778'),
	(804, '779'),
	(805, '780'),
	(806, '781'),
	(807, '782'),
	(808, '783'),
	(809, '784'),
	(810, '785'),
	(811, '786'),
	(812, '787'),
	(813, '788'),
	(814, '789'),
	(815, '790'),
	(816, '791'),
	(817, '792'),
	(818, '793'),
	(819, '794'),
	(820, '795'),
	(821, '796'),
	(822, '797'),
	(823, '798'),
	(824, '799'),
	(825, '800'),
	(826, '801'),
	(827, '802'),
	(828, '803'),
	(829, '804'),
	(830, '805'),
	(831, '806'),
	(832, '807'),
	(833, '808'),
	(834, '809'),
	(835, '810'),
	(836, '811'),
	(837, '812'),
	(838, '813'),
	(839, '814'),
	(840, '815'),
	(841, '816'),
	(842, '817'),
	(843, '818'),
	(844, '819'),
	(845, '820'),
	(846, '821'),
	(847, '822'),
	(848, '823'),
	(849, '824'),
	(850, '825'),
	(851, '826'),
	(852, '827'),
	(853, '828'),
	(854, '829'),
	(855, '830'),
	(856, '831'),
	(857, '832'),
	(858, '833'),
	(859, '834'),
	(860, '835'),
	(861, '836'),
	(862, '837'),
	(863, '838'),
	(864, '839'),
	(865, '840'),
	(866, '841'),
	(867, '842'),
	(868, '843'),
	(869, '844'),
	(870, '845'),
	(871, '846'),
	(872, '847'),
	(873, '848'),
	(874, '849'),
	(875, '850'),
	(876, '851'),
	(877, '852'),
	(878, '853'),
	(879, '854'),
	(880, '855'),
	(881, '856'),
	(882, '857'),
	(883, '858'),
	(884, '859'),
	(885, '860'),
	(886, '861'),
	(887, '862'),
	(888, '863'),
	(889, '864'),
	(890, '865'),
	(891, '866'),
	(892, '867'),
	(893, '868'),
	(894, '869'),
	(895, '870'),
	(896, '871'),
	(897, '872'),
	(898, '873'),
	(899, '874'),
	(900, '875'),
	(901, '876'),
	(902, '877'),
	(903, '878'),
	(904, '879'),
	(905, '880'),
	(906, '881'),
	(907, '882'),
	(908, '883'),
	(909, '884'),
	(910, '885'),
	(911, '886'),
	(912, '887'),
	(913, '888'),
	(914, '889'),
	(915, '890'),
	(916, '891'),
	(917, '892'),
	(918, '893'),
	(919, '894'),
	(920, '895'),
	(921, '896'),
	(922, '897'),
	(923, '898'),
	(924, '899'),
	(925, '900'),
	(926, '901'),
	(927, '902'),
	(928, '903'),
	(929, '904'),
	(930, '905'),
	(931, '906'),
	(932, '907'),
	(933, '908'),
	(934, '909'),
	(935, '910'),
	(936, '911'),
	(937, '912'),
	(938, '913'),
	(939, '914'),
	(940, '915'),
	(941, '916'),
	(942, '917'),
	(943, '918'),
	(944, '919'),
	(945, '920'),
	(946, '921'),
	(947, '922'),
	(948, '923'),
	(949, '924'),
	(950, '925'),
	(951, '926'),
	(952, '927'),
	(953, '928'),
	(954, '929'),
	(955, '930'),
	(956, '931'),
	(957, '932'),
	(958, '933'),
	(959, '934'),
	(960, '935'),
	(961, '936'),
	(962, '937'),
	(963, '938'),
	(964, '939'),
	(965, '940'),
	(966, '941'),
	(967, '942'),
	(968, '943'),
	(969, '944'),
	(970, '945'),
	(971, '946'),
	(972, '947'),
	(973, '948'),
	(974, '949'),
	(975, '950'),
	(976, '951'),
	(977, '952'),
	(978, '953'),
	(979, '954'),
	(980, '955'),
	(981, '956'),
	(982, '957'),
	(983, '958'),
	(984, '959'),
	(985, '960'),
	(986, '961'),
	(987, '962'),
	(988, '963'),
	(989, '964'),
	(990, '965'),
	(991, '966'),
	(992, '967'),
	(993, '968'),
	(994, '969'),
	(995, '970'),
	(996, '971'),
	(997, '972'),
	(998, '973'),
	(999, '974'),
	(1000, '975'),
	(1001, '976'),
	(1002, '977'),
	(1003, '978'),
	(1004, '979'),
	(1005, '980'),
	(1006, '981'),
	(1007, '982'),
	(1008, '983'),
	(1009, '984'),
	(1010, '985'),
	(1011, '986'),
	(1012, '987'),
	(1013, '988'),
	(1014, '989'),
	(1015, '990'),
	(1016, '991'),
	(1017, '992'),
	(1018, '993'),
	(1019, '994'),
	(1020, '995'),
	(1021, '996'),
	(1022, '997'),
	(1023, '998'),
	(1024, '999'),
	(1025, '1000'),
	(1026, '1001'),
	(1027, '1002'),
	(1028, '1003'),
	(1029, '1004'),
	(1030, '1005'),
	(1031, '1006'),
	(1032, '1007'),
	(1033, '1008'),
	(1034, '1009'),
	(1035, '1010'),
	(1036, '1011'),
	(1037, '1012'),
	(1038, '1013'),
	(1039, '1014'),
	(1040, '1015'),
	(1041, '1016'),
	(1042, '1017'),
	(1043, '1018'),
	(1044, '1019'),
	(1045, '1020'),
	(1046, '1021'),
	(1047, '1022'),
	(1048, '1023'),
	(1049, '1024'),
	(1050, '1025'),
	(1051, '1026'),
	(1052, '1027'),
	(1053, '1028'),
	(1054, '1029'),
	(1055, '1030'),
	(1056, '1031'),
	(1057, '1032'),
	(1058, '1033'),
	(1059, '1034'),
	(1060, '1035'),
	(1061, '1036'),
	(1062, '1037'),
	(1063, '1038'),
	(1064, '1039'),
	(1065, '1040'),
	(1066, '1041'),
	(1067, '1042'),
	(1068, '1043'),
	(1069, '1044'),
	(1070, '1045'),
	(1071, '1046'),
	(1072, '1047'),
	(1073, '1048'),
	(1074, '1049'),
	(1075, '1050'),
	(1076, '1051'),
	(1077, '1052'),
	(1078, '1053'),
	(1079, '1054'),
	(1080, '1055'),
	(1081, '1056'),
	(1082, '1057'),
	(1083, '1058'),
	(1084, '1059'),
	(1085, '1060'),
	(1086, '1061'),
	(1087, '1062'),
	(1088, '1063'),
	(1089, '1064'),
	(1090, '1065'),
	(1091, '1066'),
	(1092, '1067'),
	(1093, '1068'),
	(1094, '1069'),
	(1095, '1070'),
	(1096, '1071'),
	(1097, '1072'),
	(1098, '1073'),
	(1099, '1074'),
	(1100, '1075'),
	(1101, '1076'),
	(1102, '1077'),
	(1103, '1078'),
	(1104, '1079'),
	(1105, '1080'),
	(1106, '1081'),
	(1107, '1082'),
	(1108, '1083'),
	(1109, '1084'),
	(1110, '1085'),
	(1111, '1086'),
	(1112, '1087'),
	(1113, '1088'),
	(1114, '1089'),
	(1115, '1090'),
	(1116, '1091'),
	(1117, '1092'),
	(1118, '1093'),
	(1119, '1094'),
	(1120, '1095'),
	(1121, '1096'),
	(1122, '1097'),
	(1123, '1098'),
	(1124, '1099'),
	(1125, '1100'),
	(1126, '1101'),
	(1127, '1102'),
	(1128, '1103'),
	(1129, '1104'),
	(1130, '1105'),
	(1131, '1106'),
	(1132, '1107'),
	(1133, '1108'),
	(1134, '1109'),
	(1135, '1110'),
	(1136, '1111'),
	(1137, '1112'),
	(1138, '1113'),
	(1139, '1114'),
	(1140, '1115'),
	(1141, '1116'),
	(1142, '1117'),
	(1143, '1118'),
	(1144, '1119'),
	(1145, '1120'),
	(1146, '1121'),
	(1147, '1122'),
	(1148, '1123'),
	(1149, '1124'),
	(1150, '1125'),
	(1151, '1126'),
	(1152, '1127'),
	(1153, '1128'),
	(1154, '1129'),
	(1155, '1130'),
	(1156, '1131'),
	(1157, '1132'),
	(1158, '1133'),
	(1159, '1134'),
	(1160, '1135'),
	(1161, '1136'),
	(1162, '1137'),
	(1163, '1138'),
	(1164, '1139'),
	(1165, '1140'),
	(1166, '1141'),
	(1167, '1142'),
	(1168, '1143'),
	(1169, '1144'),
	(1170, '1145'),
	(1171, '1146'),
	(1172, '1147'),
	(1173, '1148'),
	(1174, '1149'),
	(1175, '1150'),
	(1176, '1151'),
	(1177, '1152'),
	(1178, '1153'),
	(1179, '1154'),
	(1180, '1155'),
	(1181, '1156'),
	(1182, '1157'),
	(1183, '1158'),
	(1184, '1159'),
	(1185, '1160'),
	(1186, '1161'),
	(1187, '1162'),
	(1188, '1163'),
	(1189, '1164'),
	(1190, '1165'),
	(1191, '1166'),
	(1192, '1167'),
	(1193, '1168'),
	(1194, '1169'),
	(1195, '1170'),
	(1196, '1171'),
	(1197, '1172'),
	(1198, '1173'),
	(1199, '1174'),
	(1200, '1175'),
	(1201, '1176'),
	(1202, '1177'),
	(1203, '1178'),
	(1204, '1179'),
	(1205, '1180'),
	(1206, '1181'),
	(1207, '1182'),
	(1208, '1183'),
	(1209, '1184'),
	(1210, '1185'),
	(1211, '1186'),
	(1212, '1187'),
	(1213, '1188'),
	(1214, '1189'),
	(1215, '1190'),
	(1216, '1191'),
	(1217, '1192'),
	(1218, '1193'),
	(1219, '1194'),
	(1220, '1195'),
	(1221, '1196'),
	(1222, '1197'),
	(1223, '1198'),
	(1224, '1199');
/*!40000 ALTER TABLE `token` ENABLE KEYS */;

-- 테이블 blockChain.token_owner 구조 내보내기
CREATE TABLE IF NOT EXISTS `token_owner` (
  `member_no` bigint(20) NOT NULL,
  `token_no` bigint(20) NOT NULL,
  `on_auction` bigint(20) DEFAULT 0,
  `own_date` datetime(6) DEFAULT NULL,
  PRIMARY KEY (`member_no`,`token_no`),
  KEY `FKb591mre11fn6cvaem6yuds758` (`token_no`),
  CONSTRAINT `FK4vfgmbinygp1mysn01i147nwa` FOREIGN KEY (`member_no`) REFERENCES `member` (`member_no`),
  CONSTRAINT `FKb591mre11fn6cvaem6yuds758` FOREIGN KEY (`token_no`) REFERENCES `token` (`token_no`)
) ENGINE=InnoDB DEFAULT CHARSET=utf8mb4;

-- 테이블 데이터 blockChain.token_owner:~85 rows (대략적) 내보내기
DELETE FROM `token_owner`;
/*!40000 ALTER TABLE `token_owner` DISABLE KEYS */;
INSERT INTO `token_owner` (`member_no`, `token_no`, `on_auction`, `own_date`) VALUES
	(5, 48, 0, '2021-10-05 19:22:32.811765'),
	(5, 143, 0, '2021-10-05 19:22:32.849295'),
	(5, 247, 0, '2021-10-05 19:24:53.345214'),
	(5, 290, 0, '2021-10-05 19:22:32.975773'),
	(5, 301, 0, '2021-10-05 18:18:32.290785'),
	(5, 305, 0, '2021-10-05 18:14:09.321954'),
	(5, 371, 0, '2021-10-05 19:22:33.140581'),
	(5, 396, 0, '2021-10-05 18:14:09.432403'),
	(5, 400, 0, '2021-10-05 18:18:32.469067'),
	(5, 470, 0, '2021-10-05 18:14:09.471221'),
	(5, 484, 0, '2021-10-05 19:24:53.198314'),
	(5, 527, 0, '2021-10-05 18:14:09.360761'),
	(5, 579, 0, '2021-10-05 19:24:53.145825'),
	(5, 596, 0, '2021-10-05 18:18:32.379809'),
	(5, 604, 0, '2021-10-05 18:18:32.525755'),
	(5, 612, 0, '2021-10-05 19:24:53.089222'),
	(5, 748, 0, '2021-10-05 19:24:53.256457'),
	(5, 759, 0, '2021-10-05 18:14:09.251127'),
	(5, 783, 0, '2021-10-05 19:22:33.081811'),
	(5, 816, 0, '2021-10-05 18:18:32.197860'),
	(1598, 111, 0, '2021-10-05 18:08:27.274631'),
	(1598, 162, 0, '2021-10-07 12:00:40.716110'),
	(1598, 246, 1, '2021-10-05 18:08:27.515056'),
	(1598, 260, 0, '2021-10-05 18:08:27.354386'),
	(1598, 607, 0, '2021-10-05 18:08:27.442029'),
	(1598, 818, 0, '2021-10-05 18:08:27.389786'),
	(1599, 83, 0, '2021-10-05 18:02:09.546828'),
	(1599, 116, 0, '2021-10-05 18:02:09.710647'),
	(1599, 172, 0, '2021-10-05 18:02:09.128430'),
	(1599, 197, 0, '2021-10-05 20:33:43.864112'),
	(1599, 434, 0, '2021-10-05 20:13:34.999217'),
	(1599, 466, 0, '2021-10-05 20:33:43.754579'),
	(1599, 467, 0, '2021-10-05 18:02:09.783583'),
	(1599, 478, 0, '2021-10-05 20:13:35.070820'),
	(1599, 483, 0, '2021-10-05 20:13:35.232659'),
	(1599, 626, 1, '2021-10-05 20:28:12.436724'),
	(1599, 631, 0, '2021-10-05 20:26:18.305726'),
	(1599, 647, 0, '2021-10-05 18:02:09.418621'),
	(1599, 649, 0, '2021-10-05 20:33:43.807349'),
	(1599, 672, 0, '2021-10-05 20:28:57.464067'),
	(1599, 676, 0, '2021-10-05 20:28:12.309709'),
	(1599, 690, 0, '2021-10-05 20:28:57.426136'),
	(1599, 693, 0, '2021-10-05 20:28:12.399731'),
	(1599, 707, 0, '2021-10-05 20:26:18.196405'),
	(1599, 708, 0, '2021-10-05 20:29:25.696217'),
	(1599, 715, 0, '2021-10-05 20:28:57.517341'),
	(1599, 720, 0, '2021-10-05 20:13:35.128845'),
	(1599, 789, 1, '2021-10-05 20:26:18.381289'),
	(1599, 792, 0, '2021-10-05 20:29:58.593952'),
	(1599, 805, 0, '2021-10-05 20:29:58.790828'),
	(1599, 811, 0, '2021-10-05 20:33:43.917024'),
	(1599, 826, 0, '2021-10-07 16:43:41.831748'),
	(1599, 827, 0, '2021-10-05 20:28:12.361967'),
	(1599, 833, 0, '2021-10-05 20:26:18.284632'),
	(1599, 842, 0, '2021-10-05 20:26:18.212902'),
	(1599, 850, 0, '2021-10-07 16:43:41.882765'),
	(1599, 858, 0, '2021-10-07 15:18:17.976714'),
	(1599, 867, 0, '2021-10-07 16:43:41.867411'),
	(1599, 870, 0, '2021-10-07 16:43:41.885747'),
	(1599, 871, 0, '2021-10-05 20:28:57.570534'),
	(1599, 872, 0, '2021-10-05 20:29:25.879034'),
	(1599, 888, 0, '2021-10-05 20:29:25.805774'),
	(1599, 890, 0, '2021-10-05 20:28:12.274349'),
	(1599, 900, 1, '2021-10-05 20:28:57.389217'),
	(1599, 901, 0, '2021-10-05 20:29:58.773095'),
	(1599, 915, 0, '2021-10-05 20:29:58.556772'),
	(1599, 924, 0, '2021-10-07 15:18:17.954322'),
	(1599, 961, 0, '2021-10-05 20:29:25.752462'),
	(1599, 994, 0, '2021-10-05 20:29:25.643253'),
	(1599, 996, 0, '2021-10-07 15:18:18.049067'),
	(1599, 1000, 0, '2021-10-07 15:18:18.029170'),
	(1599, 1014, 0, '2021-10-07 15:18:17.938316'),
	(1599, 1018, 0, '2021-10-07 16:43:41.795632'),
	(1599, 1024, 0, '2021-10-05 20:33:43.957646'),
	(1599, 1035, 1, '2021-10-05 20:13:35.194858'),
	(1599, 1036, 1, '2021-10-05 20:29:58.666817'),
	(1619, 525, 0, '2021-10-06 10:40:02.097558'),
	(1619, 531, 0, '2021-10-06 10:40:02.243534'),
	(1619, 862, 0, '2021-10-06 10:40:02.206554'),
	(1625, 456, 0, '2021-10-06 10:51:13.320059'),
	(1628, 154, 0, '2021-10-06 11:35:43.480736'),
	(1628, 210, 0, '2021-10-06 11:35:43.484186'),
	(1628, 402, 0, '2021-10-06 11:44:10.956030'),
	(1628, 501, 0, '2021-10-06 11:35:43.490849'),
	(1628, 683, 0, '2021-10-06 11:35:43.473295');
/*!40000 ALTER TABLE `token_owner` ENABLE KEYS */;

-- 테이블 blockChain.transaction 구조 내보내기
CREATE TABLE IF NOT EXISTS `transaction` (
  `transaction_no` bigint(20) NOT NULL,
  `transaction_bhash` varchar(500) DEFAULT NULL,
  `transaction_bno` varchar(500) DEFAULT NULL,
  `transaction_creates` varchar(500) DEFAULT NULL,
  `transaction_from_hash` varchar(500) DEFAULT NULL,
  `transaction_gas_price` varchar(500) DEFAULT NULL,
  `transaction_gas` varchar(500) DEFAULT NULL,
  `transaction_hash` varchar(500) DEFAULT NULL,
  `transaction_index` varchar(500) DEFAULT NULL,
  `transaction_input` varchar(500) DEFAULT NULL,
  `transaction_nonce` varchar(500) DEFAULT NULL,
  `transaction_publickey` varchar(500) DEFAULT NULL,
  `transaction_r` varchar(500) DEFAULT NULL,
  `transaction_raw` varchar(500) DEFAULT NULL,
  `transaction_s` varchar(500) DEFAULT NULL,
  `transaction_stored_at` varchar(500) DEFAULT NULL,
  `transaction_to_hash` varchar(500) DEFAULT NULL,
  `transaction_v` varchar(500) DEFAULT NULL,
  `transaction_value` varchar(500) DEFAULT NULL,
  PRIMARY KEY (`transaction_no`)
) ENGINE=InnoDB DEFAULT CHARSET=utf8mb4;

-- 테이블 데이터 blockChain.transaction:~0 rows (대략적) 내보내기
DELETE FROM `transaction`;
/*!40000 ALTER TABLE `transaction` DISABLE KEYS */;
/*!40000 ALTER TABLE `transaction` ENABLE KEYS */;

-- 테이블 blockChain.wallets 구조 내보내기
CREATE TABLE IF NOT EXISTS `wallets` (
  `wallet_no` bigint(20) NOT NULL,
  `wallet_add` varchar(500) DEFAULT NULL,
  `wallet_balance` decimal(19,2) DEFAULT NULL,
  `wallet_cash` bigint(20) DEFAULT NULL,
  `wallet_rc` bigint(20) DEFAULT NULL,
  `member` bigint(20) DEFAULT NULL,
  PRIMARY KEY (`wallet_no`),
  KEY `FK3uesuelp5y4em1kttg19q44lc` (`member`),
  CONSTRAINT `FK3uesuelp5y4em1kttg19q44lc` FOREIGN KEY (`member`) REFERENCES `member` (`member_no`)
) ENGINE=InnoDB DEFAULT CHARSET=utf8mb4;

-- 테이블 데이터 blockChain.wallets:~9 rows (대략적) 내보내기
DELETE FROM `wallets`;
/*!40000 ALTER TABLE `wallets` DISABLE KEYS */;
INSERT INTO `wallets` (`wallet_no`, `wallet_add`, `wallet_balance`, `wallet_cash`, `wallet_rc`, `member`) VALUES
	(1600, '0x9C68C25682a6442B5Fa17Ee5384662DBB604C55f', 36.00, 0, 0, 1599),
	(1602, '0x6Ec1cE5b25D43A7204A436e2143Bbaddc312DA2e', 2.00, 0, 0, 5),
	(1603, '0x9B7664C14F555a5b1765d490b14fc3B4484f9b6D', 9.00, 0, 0, 1598),
	(1620, '0xc737a628F636D2D30e752eE22E96E5583cbd47cE', 7.00, 0, 0, 1619),
	(1626, '0xdcd7db5774B53A06C1930d13cE4123ECf0d63a25', 4.00, 0, 0, 1625),
	(1629, '0xdA5fB59295197f755FAa64888D28B2f3072b5832', 5.00, 0, 0, 1628),
	(1635, '0xaC42E9d897a70D4e5c79894DC2bB2b7672a839f0', 7.00, 0, 0, 1634),
	(1638, '0x1B7e7bB470b352Cfe594599eBfC46dcBBe77236B', 7.00, 0, 0, 1637),
	(1645, '0x409f60cBa168901863A96a8BFd5266bD7055610b', 7.00, 0, 0, 1644);
/*!40000 ALTER TABLE `wallets` ENABLE KEYS */;

/*!40101 SET SQL_MODE=IFNULL(@OLD_SQL_MODE, '') */;
/*!40014 SET FOREIGN_KEY_CHECKS=IFNULL(@OLD_FOREIGN_KEY_CHECKS, 1) */;
/*!40101 SET CHARACTER_SET_CLIENT=@OLD_CHARACTER_SET_CLIENT */;
/*!40111 SET SQL_NOTES=IFNULL(@OLD_SQL_NOTES, 1) */;
